fragment.ID.full,fragment.ID,species,genotype,chamber.channel,run,temp.Cat,start.time,stop.time,light_dark,treatment,site.block,recovery.block
PA1_L_20_O2,PA1_L,P. acuta,1,2,L1,20,5:50:00 AM,7:02:00 AM,light,low,1,1
PA5_L_20_O2,PA5_L,P. acuta,5,5,L1,20,5:57:00 AM,7:07:00 AM,light,low,1,1
PA7_L_20_O2,PA7_L,P. acuta,7,4,L1,20,5:55:00 AM,7:06:00 AM,light,low,1,1
PA9_L_20_O2,PA9_L,P. acuta,9,6,L1,20,5:59:00 AM,7:09:00 AM,light,low,1,1
PA10_L_20_O2,PA10_L,P. acuta,10,10,L1,20,5:51:00 AM,7:03:00 AM,light,high,1,1
PA11_L_20_O2,PA11_L,P. acuta,11,3,L1,20,5:52:00 AM,7:03:00 AM,light,high,1,1
PA17_L_20_O2,PA17_L,P. acuta,17,7,L1,20,5:55:00 AM,7:06:00 AM,light,high,1,1
PA18_L_20_O2,PA18_L,P. acuta,18,9,L1,20,5:53:00 AM,7:04:00 AM,light,high,1,1
BLANK1_L_20_O2,BLANK1_L,P. acuta,BLANK,8,L1,20,5:57:00 AM,7:08:00 AM,light,BLANK,1,1
BLANK2_L_20_O2,BLANK2_L,P. acuta,BLANK,1,L1,20,5:53:00 AM,7:05:00 AM,light,BLANK,1,1
PA1_L_24_O2,PA1_L,P. acuta,1,2,L1,24,7:39:00 AM,8:50:00 AM,light,low,1,1
PA5_L_24_O2,PA5_L,P. acuta,5,5,L1,24,7:43:00 AM,8:53:00 AM,light,low,1,1
PA7_L_24_O2,PA7_L,P. acuta,7,4,L1,24,7:41:00 AM,8:53:00 AM,light,low,1,1
PA9_L_24_O2,PA9_L,P. acuta,9,6,L1,24,7:43:00 AM,8:54:00 AM,light,low,1,1
PA10_L_24_O2,PA10_L,P. acuta,10,10,L1,24,7:39:00 AM,8:48:00 AM,light,high,1,1
PA11_L_24_O2,PA11_L,P. acuta,11,3,L1,24,7:40:00 AM,8:50:00 AM,light,high,1,1
PA17_L_24_O2,PA17_L,P. acuta,17,7,L1,24,7:42:00 AM,8:54:00 AM,light,high,1,1
PA18_L_24_O2,PA18_L,P. acuta,18,9,L1,24,7:40:00 AM,8:51:00 AM,light,high,1,1
BLANK1_L_24_O2,BLANK1_L,P. acuta,BLANK,8,L1,24,7:41:00 AM,8:50:00 AM,light,BLANK,1,1
BLANK2_L_24_O2,BLANK2_L,P. acuta,BLANK,1,L1,24,7:41:00 AM,8:52:00 AM,light,BLANK,1,1
PA1_L_28_O2,PA1_L,P. acuta,5,2,L1,28,9:07:00 AM,10:18:00 AM,light,low,1,1
PA5_L_28_O2,PA5_L,P. acuta,6,5,L1,28,9:12:00 AM,10:23:00 AM,light,low,1,1
PA7_L_28_O2,PA7_L,P. acuta,7,4,L1,28,9:10:00 AM,10:21:00 AM,light,low,1,1
PA9_L_28_O2,PA9_L,P. acuta,9,6,L1,28,9:11:00 AM,10:23:00 AM,light,low,1,1
PA10_L_28_O2,PA10_L,P. acuta,10,10,L1,28,9:06:00 AM,10:18:00 AM,light,high,1,1
PA11_L_28_O2,PA11_L,P. acuta,11,3,L1,28,9:09:00 AM,10:20:00 AM,light,high,1,1
PA17_L_28_O2,PA17_L,P. acuta,13,7,L1,28,9:11:00 AM,10:22:00 AM,light,high,1,1
PA18_L_28_O2,PA18_L,P. acuta,14,9,L1,28,9:09:00 AM,10:19:00 AM,light,high,1,1
BLANK1_L_28_O2,BLANK1_L,P. acuta,BLANK,8,L1,28,9:08:00 AM,10:20:00 AM,light,BLANK,1,1
BLANK2_L_28_O2,BLANK2_L,P. acuta,BLANK,1,L1,28,9:10:00 AM,10:22:00 AM,light,BLANK,1,1
PA1_L_30_O2,PA1_L,P. acuta,5,2,L1,30,10:30:00 AM,11:42:00 AM,light,low,1,1
PA5_L_30_O2,PA5_L,P. acuta,6,5,L1,30,10:35:00 AM,11:45:00 AM,light,low,1,1
PA7_L_30_O2,PA7_L,P. acuta,7,4,L1,30,10:36:00 AM,11:47:00 AM,light,low,1,1
PA9_L_30_O2,PA9_L,P. acuta,9,6,L1,30,10:36:00 AM,11:47:00 AM,light,low,1,1
PA10_L_30_O2,PA10_L,P. acuta,10,10,L1,30,10:29:00 AM,11:40:00 AM,light,high,1,1
PA11_L_30_O2,PA11_L,P. acuta,11,3,L1,30,10:32:00 AM,11:43:00 AM,light,high,1,1
PA17_L_30_O2,PA17_L,P. acuta,13,7,L1,30,10:35:00 AM,11:45:00 AM,light,high,1,1
PA18_L_30_O2,PA18_L,P. acuta,14,9,L1,30,10:31:00 AM,11:42:00 AM,light,high,1,1
BLANK1_L_30_O2,BLANK1_L,P. acuta,BLANK,8,L1,30,10:34:00 AM,11:46:00 AM,light,BLANK,1,1
BLANK2_L_30_O2,BLANK2_L,P. acuta,BLANK,1,L1,30,10:35:00 AM,11:45:00 AM,light,BLANK,1,1
PA1_L_31_O2,PA1_L,P. acuta,5,2,L1,31,11:50:00 AM,1:05:00 PM,light,low,1,1
PA5_L_31_O2,PA5_L,P. acuta,6,5,L1,31,12:00:00 PM,1:11:00 PM,light,low,1,1
PA7_L_31_O2,PA7_L,P. acuta,7,4,L1,31,11:57:00 AM,1:10:00 PM,light,low,1,1
PA9_L_31_O2,PA9_L,P. acuta,9,6,L1,31,11:58:00 AM,1:11:00 PM,light,low,1,1
PA10_L_31_O2,PA10_L,P. acuta,10,10,L1,31,11:49:00 AM,1:04:00 PM,light,high,1,1
PA11_L_31_O2,PA11_L,P. acuta,11,3,L1,31,11:53:00 AM,1:07:00 PM,light,high,1,1
PA17_L_31_O2,PA17_L,P. acuta,13,7,L1,31,11:56:00 AM,1:09:00 PM,light,high,1,1
PA18_L_31_O2,PA18_L,P. acuta,14,9,L1,31,11:52:00 AM,1:07:00 PM,light,high,1,1
BLANK1_L_31_O2,BLANK1_L,P. acuta,BLANK,8,L1,31,11:54:00 AM,1:09:00 PM,light,BLANK,1,1
BLANK2_L_31_O2,BLANK2_L,P. acuta,BLANK,1,L1,31,11:55:00 AM,1:08:00 PM,light,BLANK,1,1
PA1_L_32_O2,PA1_L,P. acuta,5,2,L1,32,1:15:00 PM,2:30:00 PM,light,low,1,1
PA5_L_32_O2,PA5_L,P. acuta,6,5,L1,32,1:26:00 PM,2:34:00 PM,light,low,1,1
PA7_L_32_O2,PA7_L,P. acuta,7,4,L1,32,1:20:00 PM,2:36:00 PM,light,low,1,1
PA9_L_32_O2,PA9_L,P. acuta,9,6,L1,32,1:25:00 PM,2:36:00 PM,light,low,1,1
PA10_L_32_O2,PA10_L,P. acuta,10,10,L1,32,1:13:00 PM,2:28:00 PM,light,high,1,1
PA11_L_32_O2,PA11_L,P. acuta,11,3,L1,32,1:17:00 PM,2:31:00 PM,light,high,1,1
PA17_L_32_O2,PA17_L,P. acuta,13,7,L1,32,1:22:00 PM,2:35:00 PM,light,high,1,1
PA18_L_32_O2,PA18_L,P. acuta,14,9,L1,32,1:16:00 PM,2:31:00 PM,light,high,1,1
BLANK1_L_32_O2,BLANK1_L,P. acuta,BLANK,8,L1,32,1:18:00 PM,2:32:00 PM,light,BLANK,1,1
BLANK2_L_32_O2,BLANK2_L,P. acuta,BLANK,1,L1,32,1:19:00 PM,2:33:00 PM,light,BLANK,1,1
PA1_L_35_O2,PA1_L,P. acuta,5,2,L1,35,2:52:00 PM,4:30:00 PM,light,low,1,1
PA5_L_35_O2,PA5_L,P. acuta,6,5,L1,35,2:52:00 PM,4:28:00 PM,light,low,1,1
PA7_L_35_O2,PA7_L,P. acuta,7,4,L1,35,2:52:00 PM,4:31:00 PM,light,low,1,1
PA9_L_35_O2,PA9_L,P. acuta,9,6,L1,35,2:54:00 PM,4:31:00 PM,light,low,1,1
PA10_L_35_O2,PA10_L,P. acuta,10,10,L1,35,2:51:00 PM,4:32:00 PM,light,high,1,1
PA11_L_35_O2,PA11_L,P. acuta,11,3,L1,35,2:53:00 PM,4:27:00 PM,light,high,1,1
PA17_L_35_O2,PA17_L,P. acuta,13,7,L1,35,2:56:00 PM,4:28:00 PM,light,high,1,1
PA18_L_35_O2,PA18_L,P. acuta,14,9,L1,35,2:51:00 PM,4:28:00 PM,light,high,1,1
BLANK1_L_35_O2,BLANK1_L,P. acuta,BLANK,8,L1,35,2:54:00 PM,4:32:00 PM,light,BLANK,1,1
BLANK2_L_35_O2,BLANK2_L,P. acuta,BLANK,1,L1,35,2:54:00 PM,4:27:00 PM,light,BLANK,1,1
PA1_L_37_O2,PA1_L,P. acuta,5,2,L1,37,4:48:00 PM,6:13:00 PM,light,low,1,1
PA5_L_37_O2,PA5_L,P. acuta,6,5,L1,37,4:54:00 PM,6:14:00 PM,light,low,1,1
PA7_L_37_O2,PA7_L,P. acuta,7,4,L1,37,4:51:00 PM,6:16:00 PM,light,low,1,1
PA9_L_37_O2,PA9_L,P. acuta,9,6,L1,37,4:53:00 PM,6:16:00 PM,light,low,1,1
PA10_L_37_O2,PA10_L,P. acuta,10,10,L1,37,4:47:00 PM,6:23:00 PM,light,high,1,1
PA11_L_37_O2,PA11_L,P. acuta,11,3,L1,37,4:50:00 PM,6:13:00 PM,light,high,1,1
PA17_L_37_O2,PA17_L,P. acuta,13,7,L1,37,4:52:00 PM,6:21:00 PM,light,high,1,1
PA18_L_37_O2,PA18_L,P. acuta,14,9,L1,37,4:50:00 PM,6:23:00 PM,light,high,1,1
BLANK1_L_37_O2,BLANK1_L,P. acuta,BLANK,8,L1,37,4:51:00 PM,6:23:00 PM,light,BLANK,1,1
BLANK2_L_37_O2,BLANK2_L,P. acuta,BLANK,1,L1,37,4:53:00 PM,6:12:00 PM,light,BLANK,1,1
PA1_D_20_O2,PA1_D,P. acuta,1,5,D1,20,5:50:00 AM,6:25:00 AM,dark,low,1,1
PA5_D_20_O2,PA5_D,P. acuta,5,8,D1,20,5:47:00 AM,6:28:00 AM,dark,low,1,1
PA7_D_20_O2,PA7_D,P. acuta,7,1,D1,20,5:46:00 AM,6:23:00 AM,dark,low,1,1
PA9_D_20_O2,PA9_D,P. acuta,9,10,D1,20,5:52:00 AM,6:29:00 AM,dark,low,1,1
PA10_D_20_O2,PA10_D,P. acuta,10,7,D1,20,5:53:00 AM,6:28:00 AM,dark,high,1,1
PA11_D_20_O2,PA11_D,P. acuta,11,9,D1,20,5:53:00 AM,6:29:00 AM,dark,high,1,1
PA17_D_20_O2,PA17_D,P. acuta,17,6,D1,20,5:52:00 AM,6:28:00 AM,dark,high,1,1
PA18_D_20_O2,PA18_D,P. acuta,18,3,D1,20,5:53:00 AM,6:24:00 AM,dark,high,1,1
BLANK1_D_20_O2,BLANK1_D,P. acuta,BLANK,4,D1,20,5:55:00 AM,6:24:00 AM,dark,BLANK,1,1
BLANK2_D_20_O2,BLANK2_D,P. acuta,BLANK,2,D1,20,5:56:00 AM,6:23:00 AM,dark,BLANK,1,1
PA1_D_24_O2,PA1_D,P. acuta,5,5,D1,24,7:39:00 AM,8:16:00 AM,dark,low,1,1
PA5_D_24_O2,PA5_D,P. acuta,6,8,D1,24,7:40:00 AM,8:17:00 AM,dark,low,1,1
PA7_D_24_O2,PA7_D,P. acuta,7,1,D1,24,7:38:00 AM,8:15:00 AM,dark,low,1,1
PA9_D_24_O2,PA9_D,P. acuta,9,10,D1,24,7:42:00 AM,8:18:00 AM,dark,low,1,1
PA10_D_24_O2,PA10_D,P. acuta,10,7,D1,24,7:43:00 AM,8:17:00 AM,dark,high,1,1
PA11_D_24_O2,PA11_D,P. acuta,11,9,D1,24,7:43:00 AM,8:16:00 AM,dark,high,1,1
PA17_D_24_O2,PA17_D,P. acuta,13,6,D1,24,7:44:00 AM,8:14:00 AM,dark,high,1,1
PA18_D_24_O2,PA18_D,P. acuta,14,3,D1,24,7:38:00 AM,8:15:00 AM,dark,high,1,1
BLANK1_D_24_O2,BLANK1_D,P. acuta,BLANK,4,D1,24,7:40:00 AM,8:14:00 AM,dark,BLANK,1,1
BLANK2_D_24_O2,BLANK2_D,P. acuta,BLANK,2,D1,24,7:42:00 AM,8:14:00 AM,dark,BLANK,1,1
PA1_D_28_O2,PA1_D,P. acuta,5,5,D1,28,8:47:00 AM,9:18:00 AM,dark,low,1,1
PA5_D_28_O2,PA5_D,P. acuta,6,8,D1,28,8:50:00 AM,9:20:00 AM,dark,low,1,1
PA7_D_28_O2,PA7_D,P. acuta,7,1,D1,28,8:50:00 AM,9:18:00 AM,dark,low,1,1
PA9_D_28_O2,PA9_D,P. acuta,9,10,D1,28,8:46:00 AM,9:21:00 AM,dark,low,1,1
PA10_D_28_O2,PA10_D,P. acuta,10,7,D1,28,8:47:00 AM,9:20:00 AM,dark,high,1,1
PA11_D_28_O2,PA11_D,P. acuta,11,9,D1,28,8:48:00 AM,9:21:00 AM,dark,high,1,1
PA17_D_28_O2,PA17_D,P. acuta,13,6,D1,28,8:48:00 AM,9:20:00 AM,dark,high,1,1
PA18_D_28_O2,PA18_D,P. acuta,14,3,D1,28,8:46:00 AM,9:18:00 AM,dark,high,1,1
BLANK1_D_28_O2,BLANK1_D,P. acuta,BLANK,4,D1,28,8:57:00 AM,9:18:00 AM,dark,BLANK,1,1
BLANK2_D_28_O2,BLANK2_D,P. acuta,BLANK,2,D1,28,8:57:00 AM,9:18:00 AM,dark,BLANK,1,1
PA1_D_30_O2,PA1_D,P. acuta,5,5,D1,30,9:37:00 AM,10:03:00 AM,dark,low,1,1
PA5_D_30_O2,PA5_D,P. acuta,6,8,D1,30,9:37:00 AM,10:05:00 AM,dark,low,1,1
PA7_D_30_O2,PA7_D,P. acuta,7,1,D1,30,9:31:00 AM,10:03:00 AM,dark,low,1,1
PA9_D_30_O2,PA9_D,P. acuta,9,10,D1,30,9:34:00 AM,10:05:00 AM,dark,low,1,1
PA10_D_30_O2,PA10_D,P. acuta,10,7,D1,30,9:34:00 AM,10:05:00 AM,dark,high,1,1
PA11_D_30_O2,PA11_D,P. acuta,11,9,D1,30,9:36:00 AM,10:05:00 AM,dark,high,1,1
PA17_D_30_O2,PA17_D,P. acuta,13,6,D1,30,9:33:00 AM,10:05:00 AM,dark,high,1,1
PA18_D_30_O2,PA18_D,P. acuta,14,3,D1,30,9:35:00 AM,10:03:00 AM,dark,high,1,1
BLANK1_D_30_O2,BLANK1_D,P. acuta,BLANK,4,D1,30,9:34:00 AM,10:03:00 AM,dark,BLANK,1,1
BLANK2_D_30_O2,BLANK2_D,P. acuta,BLANK,2,D1,30,9:34:00 AM,10:03:00 AM,dark,BLANK,1,1
PA1_D_31_O2,PA1_D,P. acuta,5,5,D1,31,10:19:00 AM,10:19:00 AM,dark,low,1,1
PA5_D_31_O2,PA5_D,P. acuta,6,8,D1,31,10:18:00 AM,10:18:00 AM,dark,low,1,1
PA7_D_31_O2,PA7_D,P. acuta,7,1,D1,31,10:20:00 AM,10:48:00 AM,dark,low,1,1
PA9_D_31_O2,PA9_D,P. acuta,9,10,D1,31,10:18:00 AM,10:49:00 AM,dark,low,1,1
PA10_D_31_O2,PA10_D,P. acuta,10,7,D1,31,10:16:00 AM,10:49:00 AM,dark,high,1,1
PA11_D_31_O2,PA11_D,P. acuta,11,9,D1,31,10:21:00 AM,10:49:00 AM,dark,high,1,1
PA17_D_31_O2,PA17_D,P. acuta,13,6,D1,31,10:18:00 AM,10:49:00 AM,dark,high,1,1
PA18_D_31_O2,PA18_D,P. acuta,14,3,D1,31,10:22:00 AM,10:48:00 AM,dark,high,1,1
BLANK1_D_31_O2,BLANK1_D,P. acuta,BLANK,4,D1,31,10:16:00 AM,10:48:00 AM,dark,BLANK,1,1
BLANK2_D_31_O2,BLANK2_D,P. acuta,BLANK,2,D1,31,10:18:00 AM,10:48:00 AM,dark,BLANK,1,1
PA1_D_32_O2,PA1_D,P. acuta,5,5,D1,32,10:57:00 AM,10:57:00 AM,dark,low,1,1
PA5_D_32_O2,PA5_D,P. acuta,6,8,D1,32,10:58:00 AM,10:58:00 AM,dark,low,1,1
PA7_D_32_O2,PA7_D,P. acuta,7,1,D1,32,10:58:00 AM,10:58:00 AM,dark,low,1,1
PA9_D_32_O2,PA9_D,P. acuta,9,10,D1,32,10:57:00 AM,10:57:00 AM,dark,low,1,1
PA10_D_32_O2,PA10_D,P. acuta,10,7,D1,32,10:59:00 AM,10:59:00 AM,dark,high,1,1
PA11_D_32_O2,PA11_D,P. acuta,11,9,D1,32,10:58:00 AM,10:58:00 AM,dark,high,1,1
PA17_D_32_O2,PA17_D,P. acuta,13,6,D1,32,10:54:00 AM,10:54:00 AM,dark,high,1,1
PA18_D_32_O2,PA18_D,P. acuta,14,3,D1,32,10:59:00 AM,10:59:00 AM,dark,high,1,1
BLANK1_D_32_O2,BLANK1_D,P. acuta,BLANK,4,D1,32,10:55:00 AM,10:55:00 AM,dark,BLANK,1,1
BLANK2_D_32_O2,BLANK2_D,P. acuta,BLANK,2,D1,32,10:54:00 AM,10:54:00 AM,dark,BLANK,1,1
PA1_D_35_O2,PA1_D,P. acuta,5,5,D1,35,11:47:00 AM,12:14:00 PM,dark,low,1,1
PA5_D_35_O2,PA5_D,P. acuta,6,8,D1,35,11:51:00 AM,12:15:00 PM,dark,low,1,1
PA7_D_35_O2,PA7_D,P. acuta,7,1,D1,35,11:48:00 AM,12:14:00 PM,dark,low,1,1
PA9_D_35_O2,PA9_D,P. acuta,9,10,D1,35,11:46:00 AM,12:15:00 PM,dark,low,1,1
PA10_D_35_O2,PA10_D,P. acuta,10,7,D1,35,11:50:00 AM,12:15:00 PM,dark,high,1,1
PA11_D_35_O2,PA11_D,P. acuta,11,9,D1,35,11:49:00 AM,12:15:00 PM,dark,high,1,1
PA17_D_35_O2,PA17_D,P. acuta,13,6,D1,35,11:50:00 AM,12:15:00 PM,dark,high,1,1
PA18_D_35_O2,PA18_D,P. acuta,14,3,D1,35,11:45:00 AM,12:14:00 PM,dark,high,1,1
BLANK1_D_35_O2,BLANK1_D,P. acuta,BLANK,4,D1,35,11:48:00 AM,12:14:00 PM,dark,BLANK,1,1
BLANK2_D_35_O2,BLANK2_D,P. acuta,BLANK,2,D1,35,11:46:00 AM,12:14:00 PM,dark,BLANK,1,1
PA1_D_37_O2,PA1_D,P. acuta,5,5,D1,37,12:54:00 PM,1:58:00 PM,dark,low,1,1
PA5_D_37_O2,PA5_D,P. acuta,6,8,D1,37,12:50:00 PM,1:33:00 PM,dark,low,1,1
PA7_D_37_O2,PA7_D,P. acuta,7,1,D1,37,12:54:00 PM,1:52:00 PM,dark,low,1,1
PA9_D_37_O2,PA9_D,P. acuta,9,10,D1,37,12:52:00 PM,1:31:00 PM,dark,low,1,1
PA10_D_37_O2,PA10_D,P. acuta,10,7,D1,37,12:52:00 PM,1:31:00 PM,dark,high,1,1
PA11_D_37_O2,PA11_D,P. acuta,11,9,D1,37,12:53:00 PM,1:35:00 PM,dark,high,1,1
PA17_D_37_O2,PA17_D,P. acuta,13,6,D1,37,12:52:00 PM,1:31:00 PM,dark,high,1,1
PA18_D_37_O2,PA18_D,P. acuta,14,3,D1,37,12:54:00 PM,1:56:00 PM,dark,high,1,1
BLANK1_D_37_O2,BLANK1_D,P. acuta,BLANK,4,D1,37,12:50:00 PM,1:57:00 PM,dark,BLANK,1,1
BLANK2_D_37_O2,BLANK2_D,P. acuta,BLANK,2,D1,37,12:53:00 PM,1:52:00 PM,dark,BLANK,1,1
PA1_D_39_O2,PA1_D,P. acuta,5,5,D1,39,1:30:00 PM,2:02:00 PM,dark,low,1,1
PA5_D_39_O2,PA5_D,P. acuta,6,8,D1,39,1:35:00 PM,2:06:00 PM,dark,low,1,1
PA7_D_39_O2,PA7_D,P. acuta,7,1,D1,39,1:34:00 PM,2:01:00 PM,dark,low,1,1
PA9_D_39_O2,PA9_D,P. acuta,9,10,D1,39,1:38:00 PM,2:09:00 PM,dark,low,1,1
PA10_D_39_O2,PA10_D,P. acuta,10,7,D1,39,1:33:00 PM,2:07:00 PM,dark,high,1,1
PA11_D_39_O2,PA11_D,P. acuta,11,9,D1,39,1:36:00 PM,2:08:00 PM,dark,high,1,1
PA17_D_39_O2,PA17_D,P. acuta,13,6,D1,39,1:32:00 PM,2:05:00 PM,dark,high,1,1
PA18_D_39_O2,PA18_D,P. acuta,14,3,D1,39,1:57:00 PM,2:04:00 PM,dark,high,1,1
BLANK1_D_39_O2,BLANK1_D,P. acuta,BLANK,4,D1,39,1:58:00 PM,2:03:00 PM,dark,BLANK,1,1
BLANK2_D_39_O2,BLANK2_D,P. acuta,BLANK,2,D1,39,1:55:00 PM,2:01:00 PM,dark,BLANK,1,1
PA2_L_20_O2,PA2_L,P. acuta,2,7,L2,20,6:01:00 AM,7:16:00 AM,light,low,1,2
PA3_L_20_O2,PA3_L,P. acuta,3,5,L2,20,5:59:00 AM,7:13:00 AM,light,low,1,2
PA4_L_20_O2,PA4_L,P. acuta,4,3,L2,20,6:04:00 AM,7:15:00 AM,light,low,1,2
PA8_L_20_O2,PA8_L,P. acuta,8,4,L2,20,5:58:00 AM,7:12:00 AM,light,low,1,2
PA12_L_20_O2,PA12_L,P. acuta,12,8,L2,20,5:57:00 AM,7:13:00 AM,light,high,1,2
PA13_L_20_O2,PA13_L,P. acuta,13,2,L2,20,5:57:00 AM,7:11:00 AM,light,high,1,2
PA14_L_20_O2,PA14_L,P. acuta,14,10,L2,20,5:59:00 AM,7:13:00 AM,light,high,1,2
PA16_L_20_O2,PA16_L,P. acuta,16,9,L2,20,6:00:00 AM,7:15:00 AM,light,high,1,2
BLANK3_L_20_O2,BLANK3_L,P. acuta,BLANK,1,L2,20,5:57:00 AM,7:19:00 AM,light,BLANK,1,2
BLANK4_L_20_O2,BLANK4_L,P. acuta,BLANK,6,L2,20,5:57:00 AM,7:18:00 AM,light,BLANK,1,2
PA2_L_24_O2,PA2_L,P. acuta,2,7,L2,24,7:43:00 AM,8:46:00 AM,light,low,1,2
PA3_L_24_O2,PA3_L,P. acuta,3,5,L2,24,7:39:00 AM,8:48:00 AM,light,low,1,2
PA4_L_24_O2,PA4_L,P. acuta,5,3,L2,24,7:40:00 AM,8:49:00 AM,light,low,1,2
PA8_L_24_O2,PA8_L,P. acuta,8,4,L2,24,7:39:00 AM,8:46:00 AM,light,low,1,2
PA12_L_24_O2,PA12_L,P. acuta,12,8,L2,24,7:41:00 AM,8:49:00 AM,light,high,1,2
PA13_L_24_O2,PA13_L,P. acuta,13,2,L2,24,7:43:00 AM,8:46:00 AM,light,high,1,2
PA14_L_24_O2,PA14_L,P. acuta,14,10,L2,24,7:36:00 AM,8:48:00 AM,light,high,1,2
PA16_L_24_O2,PA16_L,P. acuta,16,9,L2,24,7:39:00 AM,8:48:00 AM,light,high,1,2
BLANK3_L_24_O2,BLANK3_L,P. acuta,BLANK,1,L2,24,7:40:00 AM,8:49:00 AM,light,BLANK,1,2
BLANK4_L_24_O2,BLANK4_L,P. acuta,BLANK,6,L2,24,7:38:00 AM,8:48:00 AM,light,BLANK,1,2
PA2_L_28_O2,PA2_L,P. acuta,2,7,L2,28,9:20:00 AM,10:31:00 AM,light,low,1,2
PA3_L_28_O2,PA3_L,P. acuta,3,5,L2,28,9:19:00 AM,10:30:00 AM,light,low,1,2
PA4_L_28_O2,PA4_L,P. acuta,5,3,L2,28,9:19:00 AM,10:30:00 AM,light,low,1,2
PA8_L_28_O2,PA8_L,P. acuta,8,4,L2,28,9:15:00 AM,10:29:00 AM,light,low,1,2
PA12_L_28_O2,PA12_L,P. acuta,12,8,L2,28,9:13:00 AM,10:27:00 AM,light,high,1,2
PA13_L_28_O2,PA13_L,P. acuta,13,2,L2,28,9:15:00 AM,10:29:00 AM,light,high,1,2
PA14_L_28_O2,PA14_L,P. acuta,14,10,L2,28,9:14:00 AM,10:26:00 AM,light,high,1,2
PA16_L_28_O2,PA16_L,P. acuta,16,9,L2,28,9:20:00 AM,10:31:00 AM,light,high,1,2
BLANK3_L_28_O2,BLANK3_L,P. acuta,BLANK,1,L2,28,9:18:00 AM,10:32:00 AM,light,BLANK,1,2
BLANK4_L_28_O2,BLANK4_L,P. acuta,BLANK,6,L2,28,9:13:00 AM,10:32:00 AM,light,BLANK,1,2
PA2_L_30_O2,PA2_L,P. acuta,2,7,L2,30,10:48:00 AM,11:58:00 AM,light,low,1,2
PA3_L_30_O2,PA3_L,P. acuta,3,5,L2,30,10:48:00 AM,12:01:00 PM,light,low,1,2
PA4_L_30_O2,PA4_L,P. acuta,5,3,L2,30,10:46:00 AM,11:59:00 AM,light,low,1,2
PA8_L_30_O2,PA8_L,P. acuta,8,4,L2,30,10:45:00 AM,11:58:00 AM,light,low,1,2
PA12_L_30_O2,PA12_L,P. acuta,12,8,L2,30,10:46:00 AM,12:00:00 PM,light,high,1,2
PA13_L_30_O2,PA13_L,P. acuta,13,2,L2,30,10:44:00 AM,11:55:00 AM,light,high,1,2
PA14_L_30_O2,PA14_L,P. acuta,14,10,L2,30,10:44:00 AM,11:56:00 AM,light,high,1,2
PA16_L_30_O2,PA16_L,P. acuta,16,9,L2,30,10:45:00 AM,11:59:00 AM,light,high,1,2
BLANK3_L_30_O2,BLANK3_L,P. acuta,BLANK,1,L2,30,10:49:00 AM,12:06:00 PM,light,BLANK,1,2
BLANK4_L_30_O2,BLANK4_L,P. acuta,BLANK,6,L2,30,10:49:00 AM,12:06:00 PM,light,BLANK,1,2
PA2_L_31_O2,PA2_L,P. acuta,2,7,L2,31,12:12:00 PM,1:24:00 PM,light,low,1,2
PA3_L_31_O2,PA3_L,P. acuta,3,5,L2,31,12:12:00 PM,1:25:00 PM,light,low,1,2
PA4_L_31_O2,PA4_L,P. acuta,5,3,L2,31,12:11:00 PM,1:24:00 PM,light,low,1,2
PA8_L_31_O2,PA8_L,P. acuta,8,4,L2,31,12:09:00 PM,1:22:00 PM,light,low,1,2
PA12_L_31_O2,PA12_L,P. acuta,12,8,L2,31,12:08:00 PM,1:22:00 PM,light,high,1,2
PA13_L_31_O2,PA13_L,P. acuta,13,2,L2,31,12:08:00 PM,1:21:00 PM,light,high,1,2
PA14_L_31_O2,PA14_L,P. acuta,14,10,L2,31,12:10:00 PM,1:20:00 PM,light,high,1,2
PA16_L_31_O2,PA16_L,P. acuta,16,9,L2,31,12:14:00 PM,1:25:00 PM,light,high,1,2
BLANK3_L_31_O2,BLANK3_L,P. acuta,BLANK,1,L2,31,12:15:00 PM,1:26:00 PM,light,BLANK,1,2
BLANK4_L_31_O2,BLANK4_L,P. acuta,BLANK,6,L2,31,12:15:00 PM,1:26:00 PM,light,BLANK,1,2
PA2_L_32_O2,PA2_L,P. acuta,2,7,L2,32,1:35:00 PM,2:46:00 PM,light,low,1,2
PA3_L_32_O2,PA3_L,P. acuta,3,5,L2,32,1:36:00 PM,2:48:00 PM,light,low,1,2
PA4_L_32_O2,PA4_L,P. acuta,5,3,L2,32,1:34:00 PM,2:46:00 PM,light,low,1,2
PA8_L_32_O2,PA8_L,P. acuta,8,4,L2,32,1:32:00 PM,2:45:00 PM,light,low,1,2
PA12_L_32_O2,PA12_L,P. acuta,12,8,L2,32,1:31:00 PM,2:44:00 PM,light,high,1,2
PA13_L_32_O2,PA13_L,P. acuta,13,2,L2,32,1:29:00 PM,2:43:00 PM,light,high,1,2
PA14_L_32_O2,PA14_L,P. acuta,14,10,L2,32,1:33:00 PM,2:46:00 PM,light,high,1,2
PA16_L_32_O2,PA16_L,P. acuta,16,9,L2,32,1:36:00 PM,2:48:00 PM,light,high,1,2
BLANK3_L_32_O2,BLANK3_L,P. acuta,BLANK,1,L2,32,1:38:00 PM,2:49:00 PM,light,BLANK,1,2
BLANK4_L_32_O2,BLANK4_L,P. acuta,BLANK,6,L2,32,1:38:00 PM,2:49:00 PM,light,BLANK,1,2
PA2_L_35_O2,PA2_L,P. acuta,2,7,L2,35,3:02:00 PM,4:18:00 PM,light,low,1,2
PA3_L_35_O2,PA3_L,P. acuta,3,5,L2,35,3:03:00 PM,4:18:00 PM,light,low,1,2
PA4_L_35_O2,PA4_L,P. acuta,5,3,L2,35,3:02:00 PM,4:16:00 PM,light,low,1,2
PA8_L_35_O2,PA8_L,P. acuta,8,4,L2,35,3:01:00 PM,4:13:00 PM,light,low,1,2
PA12_L_35_O2,PA12_L,P. acuta,12,8,L2,35,2:59:00 PM,4:12:00 PM,light,high,1,2
PA13_L_35_O2,PA13_L,P. acuta,13,2,L2,35,2:58:00 PM,4:10:00 PM,light,high,1,2
PA14_L_35_O2,PA14_L,P. acuta,14,10,L2,35,3:00:00 PM,4:11:00 PM,light,high,1,2
PA16_L_35_O2,PA16_L,P. acuta,16,9,L2,35,3:01:00 PM,4:13:00 PM,light,high,1,2
BLANK3_L_35_O2,BLANK3_L,P. acuta,BLANK,1,L2,35,3:02:00 PM,4:18:00 PM,light,BLANK,1,2
BLANK4_L_35_O2,BLANK4_L,P. acuta,BLANK,6,L2,35,3:00:00 PM,4:18:00 PM,light,BLANK,1,2
PA2_L_37_O2,PA2_L,P. acuta,2,7,L2,37,5:07:00 PM,6:26:00 PM,light,low,1,2
PA3_L_37_O2,PA3_L,P. acuta,3,5,L2,37,5:16:00 PM,6:29:00 PM,light,low,1,2
PA4_L_37_O2,PA4_L,P. acuta,5,3,L2,37,5:08:00 PM,6:26:00 PM,light,low,1,2
PA8_L_37_O2,PA8_L,P. acuta,8,4,L2,37,5:09:00 PM,6:21:00 PM,light,low,1,2
PA12_L_37_O2,PA12_L,P. acuta,12,8,L2,37,5:12:00 PM,6:23:00 PM,light,high,1,2
PA13_L_37_O2,PA13_L,P. acuta,13,2,L2,37,5:10:00 PM,6:19:00 PM,light,high,1,2
PA14_L_37_O2,PA14_L,P. acuta,14,10,L2,37,5:13:00 PM,6:22:00 PM,light,high,1,2
PA16_L_37_O2,PA16_L,P. acuta,16,9,L2,37,5:12:00 PM,6:28:00 PM,light,high,1,2
BLANK3_L_37_O2,BLANK3_L,P. acuta,BLANK,1,L2,37,5:14:00 PM,6:24:00 PM,light,BLANK,1,2
BLANK4_L_37_O2,BLANK4_L,P. acuta,BLANK,6,L2,37,5:15:00 PM,6:24:00 PM,light,BLANK,1,2
PA2_D_20_O2,PA2_D,P. acuta,2,5,D2,20,5:35:00 AM,6:06:00 AM,dark,low,1,2
PA3_D_20_O2,PA3_D,P. acuta,3,8,D2,20,5:30:00 AM,6:08:00 AM,dark,low,1,2
PA4_D_20_O2,PA4_D,P. acuta,5,3,D2,20,5:37:00 AM,6:05:00 AM,dark,low,1,2
PA8_D_20_O2,PA8_D,P. acuta,8,1,D2,20,5:36:00 AM,6:04:00 AM,dark,low,1,2
PA12_D_20_O2,PA12_D,P. acuta,12,10,D2,20,5:33:00 AM,6:08:00 AM,dark,high,1,2
PA13_D_20_O2,PA13_D,P. acuta,13,7,D2,20,5:37:00 AM,6:06:00 AM,dark,high,1,2
PA14_D_20_O2,PA14_D,P. acuta,14,9,D2,20,5:38:00 AM,6:07:00 AM,dark,high,1,2
PA16_D_20_O2,PA16_D,P. acuta,16,6,D2,20,5:30:00 AM,6:07:00 AM,dark,high,1,2
BLANK3_D_20_O2,BLANK3_D,P. acuta,BLANK,4,D2,20,5:32:00 AM,6:05:00 AM,dark,BLANK,1,2
BLANK4_D_20_O2,BLANK4_D,P. acuta,BLANK,2,D2,20,5:35:00 AM,6:04:00 AM,dark,BLANK,1,2
PA2_D_24_O2,PA2_D,P. acuta,2,5,D2,24,6:34:00 AM,7:01:00 AM,dark,low,1,2
PA3_D_24_O2,PA3_D,P. acuta,3,8,D2,24,6:32:00 AM,7:04:00 AM,dark,low,1,2
PA4_D_24_O2,PA4_D,P. acuta,5,3,D2,24,6:34:00 AM,7:01:00 AM,dark,low,1,2
PA8_D_24_O2,PA8_D,P. acuta,8,1,D2,24,6:33:00 AM,7:00:00 AM,dark,low,1,2
PA12_D_24_O2,PA12_D,P. acuta,12,10,D2,24,6:30:00 AM,7:06:00 AM,dark,high,1,2
PA13_D_24_O2,PA13_D,P. acuta,13,7,D2,24,6:33:00 AM,7:05:00 AM,dark,high,1,2
PA14_D_24_O2,PA14_D,P. acuta,14,9,D2,24,6:31:00 AM,7:06:00 AM,dark,high,1,2
PA16_D_24_O2,PA16_D,P. acuta,16,6,D2,24,6:32:00 AM,7:04:00 AM,dark,high,1,2
BLANK3_D_24_O2,BLANK3_D,P. acuta,BLANK,4,D2,24,6:31:00 AM,7:00:00 AM,dark,BLANK,1,2
BLANK4_D_24_O2,BLANK4_D,P. acuta,BLANK,2,D2,24,6:30:00 AM,7:00:00 AM,dark,BLANK,1,2
PA2_D_28_O2,PA2_D,P. acuta,2,5,D2,28,8:27:00 AM,8:56:00 AM,dark,low,1,2
PA3_D_28_O2,PA3_D,P. acuta,3,8,D2,28,8:22:00 AM,8:58:00 AM,dark,low,1,2
PA4_D_28_O2,PA4_D,P. acuta,5,3,D2,28,8:27:00 AM,8:56:00 AM,dark,low,1,2
PA8_D_28_O2,PA8_D,P. acuta,8,1,D2,28,8:26:00 AM,8:56:00 AM,dark,low,1,2
PA12_D_28_O2,PA12_D,P. acuta,12,10,D2,28,8:24:00 AM,8:59:00 AM,dark,high,1,2
PA13_D_28_O2,PA13_D,P. acuta,13,7,D2,28,8:27:00 AM,8:57:00 AM,dark,high,1,2
PA14_D_28_O2,PA14_D,P. acuta,14,9,D2,28,8:27:00 AM,8:58:00 AM,dark,high,1,2
PA16_D_28_O2,PA16_D,P. acuta,16,6,D2,28,8:26:00 AM,8:57:00 AM,dark,high,1,2
BLANK3_D_28_O2,BLANK3_D,P. acuta,BLANK,4,D2,28,8:26:00 AM,8:55:00 AM,dark,BLANK,1,2
BLANK4_D_28_O2,BLANK4_D,P. acuta,BLANK,2,D2,28,8:22:00 AM,8:55:00 AM,dark,BLANK,1,2
PA2_D_30_O2,PA2_D,P. acuta,2,5,D2,30,9:15:00 AM,9:43:00 AM,dark,low,1,2
PA3_D_30_O2,PA3_D,P. acuta,3,8,D2,30,9:11:00 AM,9:43:00 AM,dark,low,1,2
PA4_D_30_O2,PA4_D,P. acuta,5,3,D2,30,9:15:00 AM,9:40:00 AM,dark,low,1,2
PA8_D_30_O2,PA8_D,P. acuta,8,1,D2,30,9:14:00 AM,9:40:00 AM,dark,low,1,2
PA12_D_30_O2,PA12_D,P. acuta,12,10,D2,30,9:14:00 AM,9:44:00 AM,dark,high,1,2
PA13_D_30_O2,PA13_D,P. acuta,13,7,D2,30,9:16:00 AM,9:43:00 AM,dark,high,1,2
PA14_D_30_O2,PA14_D,P. acuta,14,9,D2,30,9:17:00 AM,9:44:00 AM,dark,high,1,2
PA16_D_30_O2,PA16_D,P. acuta,16,6,D2,30,9:13:00 AM,9:45:00 AM,dark,high,1,2
BLANK3_D_30_O2,BLANK3_D,P. acuta,BLANK,4,D2,30,9:13:00 AM,9:40:00 AM,dark,BLANK,1,2
BLANK4_D_30_O2,BLANK4_D,P. acuta,BLANK,2,D2,30,9:11:00 AM,9:40:00 AM,dark,BLANK,1,2
PA2_D_31_O2,PA2_D,P. acuta,2,5,D2,31,9:50:00 AM,10:18:00 AM,dark,low,1,2
PA3_D_31_O2,PA3_D,P. acuta,3,8,D2,31,9:48:00 AM,10:19:00 AM,dark,low,1,2
PA4_D_31_O2,PA4_D,P. acuta,5,3,D2,31,9:51:00 AM,10:16:00 AM,dark,low,1,2
PA8_D_31_O2,PA8_D,P. acuta,8,1,D2,31,9:51:00 AM,10:16:00 AM,dark,low,1,2
PA12_D_31_O2,PA12_D,P. acuta,12,10,D2,31,9:49:00 AM,10:20:00 AM,dark,high,1,2
PA13_D_31_O2,PA13_D,P. acuta,13,7,D2,31,9:51:00 AM,10:20:00 AM,dark,high,1,2
PA14_D_31_O2,PA14_D,P. acuta,14,9,D2,31,9:52:00 AM,10:19:00 AM,dark,high,1,2
PA16_D_31_O2,PA16_D,P. acuta,16,6,D2,31,9:50:00 AM,10:18:00 AM,dark,high,1,2
BLANK3_D_31_O2,BLANK3_D,P. acuta,BLANK,4,D2,31,9:49:00 AM,10:16:00 AM,dark,BLANK,1,2
BLANK4_D_31_O2,BLANK4_D,P. acuta,BLANK,2,D2,31,9:48:00 AM,10:16:00 AM,dark,BLANK,1,2
PA2_D_32_O2,PA2_D,P. acuta,2,5,D2,32,10:24:00 AM,10:52:00 AM,dark,low,1,2
PA3_D_32_O2,PA3_D,P. acuta,3,8,D2,32,10:22:00 AM,10:53:00 AM,dark,low,1,2
PA4_D_32_O2,PA4_D,P. acuta,5,3,D2,32,10:26:00 AM,10:51:00 AM,dark,low,1,2
PA8_D_32_O2,PA8_D,P. acuta,8,1,D2,32,10:25:00 AM,10:51:00 AM,dark,low,1,2
PA12_D_32_O2,PA12_D,P. acuta,12,10,D2,32,10:23:00 AM,10:53:00 AM,dark,high,1,2
PA13_D_32_O2,PA13_D,P. acuta,13,7,D2,32,10:26:00 AM,10:53:00 AM,dark,high,1,2
PA14_D_32_O2,PA14_D,P. acuta,14,9,D2,32,10:22:00 AM,10:53:00 AM,dark,high,1,2
PA16_D_32_O2,PA16_D,P. acuta,16,6,D2,32,10:24:00 AM,10:51:00 AM,dark,high,1,2
BLANK3_D_32_O2,BLANK3_D,P. acuta,BLANK,4,D2,32,10:23:00 AM,10:51:00 AM,dark,BLANK,1,2
BLANK4_D_32_O2,BLANK4_D,P. acuta,BLANK,2,D2,32,10:22:00 AM,10:52:00 AM,dark,BLANK,1,2
PA2_D_35_O2,PA2_D,P. acuta,2,5,D2,35,11:40:00 AM,12:04:00 PM,dark,low,1,2
PA3_D_35_O2,PA3_D,P. acuta,3,8,D2,35,11:39:00 AM,12:05:00 PM,dark,low,1,2
PA4_D_35_O2,PA4_D,P. acuta,5,3,D2,35,11:39:00 AM,12:04:00 PM,dark,low,1,2
PA8_D_35_O2,PA8_D,P. acuta,8,1,D2,35,11:38:00 AM,12:04:00 PM,dark,low,1,2
PA12_D_35_O2,PA12_D,P. acuta,12,10,D2,35,11:38:00 AM,12:04:00 PM,dark,high,1,2
PA13_D_35_O2,PA13_D,P. acuta,13,7,D2,35,11:39:00 AM,12:04:00 PM,dark,high,1,2
PA14_D_35_O2,PA14_D,P. acuta,14,9,D2,35,11:40:00 AM,12:04:00 PM,dark,high,1,2
PA16_D_35_O2,PA16_D,P. acuta,16,6,D2,35,11:39:00 AM,12:04:00 PM,dark,high,1,2
BLANK3_D_35_O2,BLANK3_D,P. acuta,BLANK,4,D2,35,11:40:00 AM,12:04:00 PM,dark,BLANK,1,2
BLANK4_D_35_O2,BLANK4_D,P. acuta,BLANK,2,D2,35,11:39:00 AM,12:04:00 PM,dark,BLANK,1,2
PA2_D_36_O2,PA2_D,P. acuta,2,5,D2,36,12:16:00 PM,12:42:00 PM,dark,low,1,2
PA3_D_36_O2,PA3_D,P. acuta,3,8,D2,36,12:13:00 PM,12:43:00 PM,dark,low,1,2
PA4_D_36_O2,PA4_D,P. acuta,5,3,D2,36,12:16:00 PM,12:41:00 PM,dark,low,1,2
PA8_D_36_O2,PA8_D,P. acuta,8,1,D2,36,12:14:00 PM,12:41:00 PM,dark,low,1,2
PA12_D_36_O2,PA12_D,P. acuta,12,10,D2,36,12:14:00 PM,12:44:00 PM,dark,high,1,2
PA13_D_36_O2,PA13_D,P. acuta,13,7,D2,36,12:17:00 PM,12:42:00 PM,dark,high,1,2
PA14_D_36_O2,PA14_D,P. acuta,14,9,D2,36,12:15:00 PM,12:44:00 PM,dark,high,1,2
PA16_D_36_O2,PA16_D,P. acuta,16,6,D2,36,12:11:00 PM,12:43:00 PM,dark,high,1,2
BLANK3_D_36_O2,BLANK3_D,P. acuta,BLANK,4,D2,36,12:13:00 PM,12:42:00 PM,dark,BLANK,1,2
BLANK4_D_36_O2,BLANK4_D,P. acuta,BLANK,2,D2,36,12:11:00 PM,12:42:00 PM,dark,BLANK,1,2
PA2_D_37_O2,PA2_D,P. acuta,2,5,D2,37,1:14:00 PM,1:39:00 PM,dark,low,1,2
PA3_D_37_O2,PA3_D,P. acuta,3,8,D2,37,1:11:00 PM,1:42:00 PM,dark,low,1,2
PA4_D_37_O2,PA4_D,P. acuta,5,3,D2,37,1:16:00 PM,1:39:00 PM,dark,low,1,2
PA8_D_37_O2,PA8_D,P. acuta,8,1,D2,37,1:15:00 PM,1:39:00 PM,dark,low,1,2
PA12_D_37_O2,PA12_D,P. acuta,12,10,D2,37,1:13:00 PM,1:42:00 PM,dark,high,1,2
PA13_D_37_O2,PA13_D,P. acuta,13,7,D2,37,1:15:00 PM,1:42:00 PM,dark,high,1,2
PA14_D_37_O2,PA14_D,P. acuta,14,9,D2,37,1:15:00 PM,1:42:00 PM,dark,high,1,2
PA16_D_37_O2,PA16_D,P. acuta,16,6,D2,37,1:14:00 PM,1:42:00 PM,dark,high,1,2
BLANK3_D_37_O2,BLANK3_D,P. acuta,BLANK,4,D2,37,1:11:00 PM,1:39:00 PM,dark,BLANK,1,2
BLANK4_D_37_O2,BLANK4_D,P. acuta,BLANK,2,D2,37,1:13:00 PM,1:39:00 PM,dark,BLANK,1,2
PA2_D_38_O2,PA2_D,P. acuta,2,5,D2,38,1:49:00 PM,2:16:00 PM,dark,low,1,2
PA3_D_38_O2,PA3_D,P. acuta,3,8,D2,38,1:49:00 PM,2:19:00 PM,dark,low,1,2
PA4_D_38_O2,PA4_D,P. acuta,5,3,D2,38,1:50:00 PM,2:16:00 PM,dark,low,1,2
PA8_D_38_O2,PA8_D,P. acuta,8,1,D2,38,1:49:00 PM,2:16:00 PM,dark,low,1,2
PA12_D_38_O2,PA12_D,P. acuta,12,10,D2,38,1:47:00 PM,2:19:00 PM,dark,high,1,2
PA13_D_38_O2,PA13_D,P. acuta,13,7,D2,38,1:50:00 PM,2:18:00 PM,dark,high,1,2
PA14_D_38_O2,PA14_D,P. acuta,14,9,D2,38,1:49:00 PM,2:19:00 PM,dark,high,1,2
PA16_D_38_O2,PA16_D,P. acuta,16,6,D2,38,1:46:00 PM,2:19:00 PM,dark,high,1,2
BLANK3_D_38_O2,BLANK3_D,P. acuta,BLANK,4,D2,38,1:47:00 PM,2:16:00 PM,dark,BLANK,1,2
BLANK4_D_38_O2,BLANK4_D,P. acuta,BLANK,2,D2,38,1:46:00 PM,2:16:00 PM,dark,BLANK,1,2
PA2_D_39_O2,PA2_D,P. acuta,2,5,D2,39,2:30:00 PM,2:56:00 PM,dark,low,1,2
PA3_D_39_O2,PA3_D,P. acuta,3,8,D2,39,2:25:00 PM,2:53:00 PM,dark,low,1,2
PA4_D_39_O2,PA4_D,P. acuta,5,3,D2,39,2:30:00 PM,2:59:00 PM,dark,low,1,2
PA8_D_39_O2,PA8_D,P. acuta,8,1,D2,39,2:28:00 PM,2:55:00 PM,dark,low,1,2
PA12_D_39_O2,PA12_D,P. acuta,12,10,D2,39,2:26:00 PM,2:56:00 PM,dark,high,1,2
PA13_D_39_O2,PA13_D,P. acuta,13,7,D2,39,2:28:00 PM,2:58:00 PM,dark,high,1,2
PA14_D_39_O2,PA14_D,P. acuta,14,9,D2,39,2:27:00 PM,2:58:00 PM,dark,high,1,2
PA16_D_39_O2,PA16_D,P. acuta,16,6,D2,39,2:26:00 PM,2:54:00 PM,dark,high,1,2
BLANK3_D_39_O2,BLANK3_D,P. acuta,BLANK,4,D2,39,2:27:00 PM,2:52:00 PM,dark,BLANK,1,2
BLANK4_D_39_O2,BLANK4_D,P. acuta,BLANK,2,D2,39,2:25:00 PM,2:52:00 PM,dark,BLANK,1,2
PA21_L_20_O2,PA21_L,P. acuta,21,9,L3,20,5:52:00 AM,7:05:00 AM,light,low,2,1
PA22_L_20_O2,PA22_L,P. acuta,22,10,L3,20,5:47:00 AM,7:02:00 AM,light,low,2,1
PA26_L_20_O2,PA26_L,P. acuta,26,4,L3,20,5:46:00 AM,7:01:00 AM,light,low,2,1
PA27_L_20_O2,PA27_L,P. acuta,27,7,L3,20,5:49:00 AM,7:00:00 AM,light,low,2,1
PA30_L_20_O2,PA30_L,P. acuta,30,5,L3,20,5:52:00 AM,6:59:00 AM,light,high,2,1
PA33_L_20_O2,PA33_L,P. acuta,33,3,L3,20,5:49:00 AM,6:58:00 AM,light,high,2,1
PA34_L_20_O2,PA34_L,P. acuta,34,8,L3,20,5:48:00 AM,7:03:00 AM,light,high,2,1
PA36_L_20_O2,PA36_L,P. acuta,36,6,L3,20,5:47:00 AM,7:03:00 AM,light,high,2,1
BLANK5_L_20_O2,BLANK5_L,P. acuta,BLANK,2,L3,20,5:45:00 AM,7:06:00 AM,light,BLANK,2,1
BLANK6_L_20_O2,BLANK6_L,P. acuta,BLANK,1,L3,20,5:48:00 AM,7:05:00 AM,light,BLANK,2,1
PA21_L_24_O2,PA21_L,P. acuta,21,9,L3,24,7:32:00 AM,8:40:00 AM,light,low,2,1
PA22_L_24_O2,PA22_L,P. acuta,22,10,L3,24,7:29:00 AM,8:36:00 AM,light,low,2,1
PA26_L_24_O2,PA26_L,P. acuta,26,4,L3,24,7:30:00 AM,8:38:00 AM,light,low,2,1
PA27_L_24_O2,PA27_L,P. acuta,27,7,L3,24,7:33:00 AM,8:41:00 AM,light,low,2,1
PA30_L_24_O2,PA30_L,P. acuta,30,5,L3,24,7:33:00 AM,8:41:00 AM,light,high,2,1
PA33_L_24_O2,PA33_L,P. acuta,33,3,L3,24,7:32:00 AM,8:40:00 AM,light,high,2,1
PA34_L_24_O2,PA34_L,P. acuta,34,8,L3,24,7:30:00 AM,8:39:00 AM,light,high,2,1
PA36_L_24_O2,PA36_L,P. acuta,36,6,L3,24,7:31:00 AM,8:39:00 AM,light,high,2,1
BLANK5_L_24_O2,BLANK5_L,P. acuta,BLANK,2,L3,24,7:29:00 AM,8:43:00 AM,light,BLANK,2,1
BLANK6_L_24_O2,BLANK6_L,P. acuta,BLANK,1,L3,24,7:32:00 AM,8:42:00 AM,light,BLANK,2,1
PA21_L_28_O2,PA21_L,P. acuta,21,9,L3,28,9:07:00 AM,10:13:00 AM,light,low,2,1
PA22_L_28_O2,PA22_L,P. acuta,22,10,L3,28,9:02:00 AM,10:11:00 AM,light,low,2,1
PA26_L_28_O2,PA26_L,P. acuta,26,4,L3,28,9:03:00 AM,10:10:00 AM,light,low,2,1
PA27_L_28_O2,PA27_L,P. acuta,27,7,L3,28,9:04:00 AM,10:14:00 AM,light,low,2,1
PA30_L_28_O2,PA30_L,P. acuta,30,5,L3,28,9:07:00 AM,10:15:00 AM,light,high,2,1
PA33_L_28_O2,PA33_L,P. acuta,33,3,L3,28,9:07:00 AM,10:14:00 AM,light,high,2,1
PA34_L_28_O2,PA34_L,P. acuta,34,8,L3,28,9:03:00 AM,10:12:00 AM,light,high,2,1
PA36_L_28_O2,PA36_L,P. acuta,36,6,L3,28,9:04:00 AM,10:13:00 AM,light,high,2,1
BLANK5_L_28_O2,BLANK5_L,P. acuta,BLANK,2,L3,28,9:03:00 AM,10:14:00 AM,light,BLANK,2,1
BLANK6_L_28_O2,BLANK6_L,P. acuta,BLANK,1,L3,28,9:02:00 AM,10:15:00 AM,light,BLANK,2,1
PA21_L_30_O2,PA21_L,P. acuta,21,9,L3,30,10:28:00 AM,11:34:00 AM,light,low,2,1
PA22_L_30_O2,PA22_L,P. acuta,22,10,L3,30,10:22:00 AM,11:33:00 AM,light,low,2,1
PA26_L_30_O2,PA26_L,P. acuta,26,4,L3,30,10:20:00 AM,11:32:00 AM,light,low,2,1
PA27_L_30_O2,PA27_L,P. acuta,27,7,L3,30,10:27:00 AM,11:36:00 AM,light,low,2,1
PA30_L_30_O2,PA30_L,P. acuta,30,5,L3,30,10:29:00 AM,11:37:00 AM,light,high,2,1
PA33_L_30_O2,PA33_L,P. acuta,33,3,L3,30,10:27:00 AM,11:36:00 AM,light,high,2,1
PA34_L_30_O2,PA34_L,P. acuta,34,8,L3,30,10:25:00 AM,11:33:00 AM,light,high,2,1
PA36_L_30_O2,PA36_L,P. acuta,36,6,L3,30,10:23:00 AM,11:34:00 AM,light,high,2,1
BLANK5_L_30_O2,BLANK5_L,P. acuta,BLANK,2,L3,30,10:21:00 AM,11:38:00 AM,light,BLANK,2,1
BLANK6_L_30_O2,BLANK6_L,P. acuta,BLANK,1,L3,30,10:26:00 AM,11:37:00 AM,light,BLANK,2,1
PA21_L_31_O2,PA21_L,P. acuta,21,9,L3,31,11:48:00 AM,12:55:00 PM,light,low,2,1
PA22_L_31_O2,PA22_L,P. acuta,22,10,L3,31,11:43:00 AM,12:52:00 PM,light,low,2,1
PA26_L_31_O2,PA26_L,P. acuta,26,4,L3,31,11:42:00 AM,12:57:00 PM,light,low,2,1
PA27_L_31_O2,PA27_L,P. acuta,27,7,L3,31,11:47:00 AM,12:54:00 PM,light,low,2,1
PA30_L_31_O2,PA30_L,P. acuta,30,5,L3,31,11:48:00 AM,12:54:00 PM,light,high,2,1
PA33_L_31_O2,PA33_L,P. acuta,33,3,L3,31,11:46:00 AM,12:53:00 PM,light,high,2,1
PA34_L_31_O2,PA34_L,P. acuta,34,8,L3,31,11:45:00 AM,12:53:00 PM,light,high,2,1
PA36_L_31_O2,PA36_L,P. acuta,36,6,L3,31,11:44:00 AM,12:53:00 PM,light,high,2,1
BLANK5_L_31_O2,BLANK5_L,P. acuta,BLANK,2,L3,31,11:41:00 AM,12:58:00 PM,light,BLANK,2,1
BLANK6_L_31_O2,BLANK6_L,P. acuta,BLANK,1,L3,31,11:46:00 AM,12:57:00 PM,light,BLANK,2,1
PA21_L_32_O2,PA21_L,P. acuta,21,9,L3,32,1:07:00 PM,2:16:00 PM,light,low,2,1
PA22_L_32_O2,PA22_L,P. acuta,22,10,L3,32,1:02:00 PM,2:12:00 PM,light,low,2,1
PA26_L_32_O2,PA26_L,P. acuta,26,4,L3,32,1:01:00 PM,2:11:00 PM,light,low,2,1
PA27_L_32_O2,PA27_L,P. acuta,27,7,L3,32,1:05:00 PM,2:14:00 PM,light,low,2,1
PA30_L_32_O2,PA30_L,P. acuta,30,5,L3,32,1:07:00 PM,2:16:00 PM,light,high,2,1
PA33_L_32_O2,PA33_L,P. acuta,33,3,L3,32,1:05:00 PM,2:14:00 PM,light,high,2,1
PA34_L_32_O2,PA34_L,P. acuta,34,8,L3,32,1:03:00 PM,2:13:00 PM,light,high,2,1
PA36_L_32_O2,PA36_L,P. acuta,36,6,L3,32,1:04:00 PM,2:13:00 PM,light,high,2,1
BLANK5_L_32_O2,BLANK5_L,P. acuta,BLANK,2,L3,32,1:00:00 PM,2:18:00 PM,light,BLANK,2,1
BLANK6_L_32_O2,BLANK6_L,P. acuta,BLANK,1,L3,32,1:05:00 PM,2:19:00 PM,light,BLANK,2,1
PA21_L_35_O2,PA21_L,P. acuta,21,9,L3,35,2:31:00 PM,3:39:00 PM,light,low,2,1
PA22_L_35_O2,PA22_L,P. acuta,22,10,L3,35,2:28:00 PM,3:38:00 PM,light,low,2,1
PA26_L_35_O2,PA26_L,P. acuta,26,4,L3,35,2:27:00 PM,3:36:00 PM,light,low,2,1
PA27_L_35_O2,PA27_L,P. acuta,27,7,L3,35,2:32:00 PM,3:41:00 PM,light,low,2,1
PA30_L_35_O2,PA30_L,P. acuta,30,5,L3,35,2:31:00 PM,3:41:00 PM,light,high,2,1
PA33_L_35_O2,PA33_L,P. acuta,33,3,L3,35,2:30:00 PM,3:39:00 PM,light,high,2,1
PA34_L_35_O2,PA34_L,P. acuta,34,8,L3,35,2:28:00 PM,3:38:00 PM,light,high,2,1
PA36_L_35_O2,PA36_L,P. acuta,36,6,L3,35,2:29:00 PM,3:38:00 PM,light,high,2,1
BLANK5_L_35_O2,BLANK5_L,P. acuta,BLANK,2,L3,35,2:26:00 PM,3:43:00 PM,light,BLANK,2,1
BLANK6_L_35_O2,BLANK6_L,P. acuta,BLANK,1,L3,35,2:29:00 PM,3:44:00 PM,light,BLANK,2,1
PA21_L_37_O2,PA21_L,P. acuta,21,9,L3,37,4:01:00 PM,5:15:00 PM,light,low,2,1
PA22_L_37_O2,PA22_L,P. acuta,22,10,L3,37,3:57:00 PM,5:06:00 PM,light,low,2,1
PA26_L_37_O2,PA26_L,P. acuta,26,4,L3,37,3:57:00 PM,5:04:00 PM,light,low,2,1
PA27_L_37_O2,PA27_L,P. acuta,27,7,L3,37,3:59:00 PM,5:17:00 PM,light,low,2,1
PA30_L_37_O2,PA30_L,P. acuta,30,5,L3,37,4:01:00 PM,5:19:00 PM,light,high,2,1
PA33_L_37_O2,PA33_L,P. acuta,33,3,L3,37,4:02:00 PM,5:14:00 PM,light,high,2,1
PA34_L_37_O2,PA34_L,P. acuta,34,8,L3,37,3:58:00 PM,5:09:00 PM,light,high,2,1
PA36_L_37_O2,PA36_L,P. acuta,36,6,L3,37,3:59:00 PM,5:12:00 PM,light,high,2,1
BLANK5_L_37_O2,BLANK5_L,P. acuta,BLANK,2,L3,37,3:56:00 PM,5:23:00 PM,light,BLANK,2,1
BLANK6_L_37_O2,BLANK6_L,P. acuta,BLANK,1,L3,37,3:59:00 PM,5:22:00 PM,light,BLANK,2,1
PA21_D_20_O2,PA21_D,P. acuta,21,1,D3,20,5:46:00 AM,6:10:00 AM,dark,low,2,1
PA22_D_20_O2,PA22_D,P. acuta,22,5,D3,20,5:45:00 AM,6:10:00 AM,dark,low,2,1
PA26_D_20_O2,PA26_D,P. acuta,26,8,D3,20,5:36:00 AM,6:12:00 AM,dark,low,2,1
PA27_D_20_O2,PA27_D,P. acuta,27,4,D3,20,5:39:00 AM,6:10:00 AM,dark,low,2,1
PA30_D_20_O2,PA30_D,P. acuta,30,2,D3,20,5:44:00 AM,6:10:00 AM,dark,high,2,1
PA33_D_20_O2,PA33_D,P. acuta,33,3,D3,20,5:46:00 AM,6:10:00 AM,dark,high,2,1
PA34_D_20_O2,PA34_D,P. acuta,34,9,D3,20,5:39:00 AM,6:12:00 AM,dark,high,2,1
PA36_D_20_O2,PA36_D,P. acuta,36,7,D3,20,5:42:00 AM,6:12:00 AM,dark,high,2,1
BLANK5_D_20_O2,BLANK5_D,P. acuta,BLANK,6,D3,20,5:38:00 AM,6:12:00 AM,dark,BLANK,2,1
BLANK6_D_20_O2,BLANK6_D,P. acuta,BLANK,10,D3,20,5:35:00 AM,6:12:00 AM,dark,BLANK,2,1
PA21_D_24_O2,PA21_D,P. acuta,21,1,D3,24,6:31:00 AM,6:57:00 AM,dark,low,2,1
PA22_D_24_O2,PA22_D,P. acuta,22,5,D3,24,6:34:00 AM,6:57:00 AM,dark,low,2,1
PA26_D_24_O2,PA26_D,P. acuta,26,8,D3,24,6:30:00 AM,6:59:00 AM,dark,low,2,1
PA27_D_24_O2,PA27_D,P. acuta,27,4,D3,24,6:30:00 AM,6:57:00 AM,dark,low,2,1
PA30_D_24_O2,PA30_D,P. acuta,30,2,D3,24,6:29:00 AM,6:57:00 AM,dark,high,2,1
PA33_D_24_O2,PA33_D,P. acuta,33,3,D3,24,6:32:00 AM,6:57:00 AM,dark,high,2,1
PA34_D_24_O2,PA34_D,P. acuta,34,9,D3,24,6:32:00 AM,6:59:00 AM,dark,high,2,1
PA36_D_24_O2,PA36_D,P. acuta,36,7,D3,24,6:34:00 AM,6:59:00 AM,dark,high,2,1
BLANK5_D_24_O2,BLANK5_D,P. acuta,BLANK,6,D3,24,6:31:00 AM,6:59:00 AM,dark,BLANK,2,1
BLANK6_D_24_O2,BLANK6_D,P. acuta,BLANK,10,D3,24,6:29:00 AM,6:59:00 AM,dark,BLANK,2,1
PA21_D_28_O2,PA21_D,P. acuta,21,1,D3,28,7:22:00 AM,7:49:00 AM,dark,low,2,1
PA22_D_28_O2,PA22_D,P. acuta,22,5,D3,28,7:24:00 AM,7:49:00 AM,dark,low,2,1
PA26_D_28_O2,PA26_D,P. acuta,26,8,D3,28,7:20:00 AM,7:52:00 AM,dark,low,2,1
PA27_D_28_O2,PA27_D,P. acuta,27,4,D3,28,7:20:00 AM,7:49:00 AM,dark,low,2,1
PA30_D_28_O2,PA30_D,P. acuta,30,2,D3,28,7:19:00 AM,7:49:00 AM,dark,high,2,1
PA33_D_28_O2,PA33_D,P. acuta,33,3,D3,28,7:23:00 AM,7:49:00 AM,dark,high,2,1
PA34_D_28_O2,PA34_D,P. acuta,34,9,D3,28,7:24:00 AM,7:52:00 AM,dark,high,2,1
PA36_D_28_O2,PA36_D,P. acuta,36,7,D3,28,7:23:00 AM,7:52:00 AM,dark,high,2,1
BLANK5_D_28_O2,BLANK5_D,P. acuta,BLANK,6,D3,28,7:21:00 AM,7:52:00 AM,dark,BLANK,2,1
BLANK6_D_28_O2,BLANK6_D,P. acuta,BLANK,10,D3,28,7:19:00 AM,7:52:00 AM,dark,BLANK,2,1
PA21_D_30_O2,PA21_D,P. acuta,21,1,D3,30,8:13:00 AM,8:38:00 AM,dark,low,2,1
PA22_D_30_O2,PA22_D,P. acuta,22,5,D3,30,8:11:00 AM,8:38:00 AM,dark,low,2,1
PA26_D_30_O2,PA26_D,P. acuta,26,8,D3,30,8:05:00 AM,8:40:00 AM,dark,low,2,1
PA27_D_30_O2,PA27_D,P. acuta,27,4,D3,30,8:07:00 AM,8:38:00 AM,dark,low,2,1
PA30_D_30_O2,PA30_D,P. acuta,30,2,D3,30,8:09:00 AM,8:38:00 AM,dark,high,2,1
PA33_D_30_O2,PA33_D,P. acuta,33,3,D3,30,8:14:00 AM,8:38:00 AM,dark,high,2,1
PA34_D_30_O2,PA34_D,P. acuta,34,9,D3,30,8:13:00 AM,8:40:00 AM,dark,high,2,1
PA36_D_30_O2,PA36_D,P. acuta,36,7,D3,30,8:10:00 AM,8:40:00 AM,dark,high,2,1
BLANK5_D_30_O2,BLANK5_D,P. acuta,BLANK,6,D3,30,8:06:00 AM,8:40:00 AM,dark,BLANK,2,1
BLANK6_D_30_O2,BLANK6_D,P. acuta,BLANK,10,D3,30,8:01:00 AM,8:40:00 AM,dark,BLANK,2,1
PA21_D_31_O2,PA21_D,P. acuta,21,1,D3,31,8:57:00 AM,9:23:00 AM,dark,low,2,1
PA22_D_31_O2,PA22_D,P. acuta,22,5,D3,31,8:59:00 AM,9:23:00 AM,dark,low,2,1
PA26_D_31_O2,PA26_D,P. acuta,26,8,D3,31,8:52:00 AM,9:25:00 AM,dark,low,2,1
PA27_D_31_O2,PA27_D,P. acuta,27,4,D3,31,8:54:00 AM,9:23:00 AM,dark,low,2,1
PA30_D_31_O2,PA30_D,P. acuta,30,2,D3,31,8:55:00 AM,9:23:00 AM,dark,high,2,1
PA33_D_31_O2,PA33_D,P. acuta,33,3,D3,31,8:58:00 AM,9:23:00 AM,dark,high,2,1
PA34_D_31_O2,PA34_D,P. acuta,34,9,D3,31,8:59:00 AM,9:25:00 AM,dark,high,2,1
PA36_D_31_O2,PA36_D,P. acuta,36,7,D3,31,9:00:00 AM,9:25:00 AM,dark,high,2,1
BLANK5_D_31_O2,BLANK5_D,P. acuta,BLANK,6,D3,31,8:53:00 AM,9:25:00 AM,dark,BLANK,2,1
BLANK6_D_31_O2,BLANK6_D,P. acuta,BLANK,10,D3,31,8:51:00 AM,9:25:00 AM,dark,BLANK,2,1
PA21_D_32_O2,PA21_D,P. acuta,21,1,D3,32,9:30:00 AM,9:56:00 AM,dark,low,2,1
PA22_D_32_O2,PA22_D,P. acuta,22,5,D3,32,9:31:00 AM,9:56:00 AM,dark,low,2,1
PA26_D_32_O2,PA26_D,P. acuta,26,8,D3,32,9:28:00 AM,9:58:00 AM,dark,low,2,1
PA27_D_32_O2,PA27_D,P. acuta,27,4,D3,32,9:32:00 AM,9:56:00 AM,dark,low,2,1
PA30_D_32_O2,PA30_D,P. acuta,30,2,D3,32,9:28:00 AM,9:56:00 AM,dark,high,2,1
PA33_D_32_O2,PA33_D,P. acuta,33,3,D3,32,9:29:00 AM,9:56:00 AM,dark,high,2,1
PA34_D_32_O2,PA34_D,P. acuta,34,9,D3,32,9:31:00 AM,9:58:00 AM,dark,high,2,1
PA36_D_32_O2,PA36_D,P. acuta,36,7,D3,32,9:32:00 AM,9:58:00 AM,dark,high,2,1
BLANK5_D_32_O2,BLANK5_D,P. acuta,BLANK,6,D3,32,9:30:00 AM,9:58:00 AM,dark,BLANK,2,1
BLANK6_D_32_O2,BLANK6_D,P. acuta,BLANK,10,D3,32,9:29:00 AM,9:58:00 AM,dark,BLANK,2,1
PA21_D_35_O2,PA21_D,P. acuta,21,1,D3,35,10:27:00 AM,10:56:00 AM,dark,low,2,1
PA22_D_35_O2,PA22_D,P. acuta,22,5,D3,35,10:29:00 AM,10:56:00 AM,dark,low,2,1
PA26_D_35_O2,PA26_D,P. acuta,26,8,D3,35,10:27:00 AM,10:58:00 AM,dark,low,2,1
PA27_D_35_O2,PA27_D,P. acuta,27,4,D3,35,10:25:00 AM,10:56:00 AM,dark,low,2,1
PA30_D_35_O2,PA30_D,P. acuta,30,2,D3,35,10:26:00 AM,10:56:00 AM,dark,high,2,1
PA33_D_35_O2,PA33_D,P. acuta,33,3,D3,35,10:30:00 AM,10:56:00 AM,dark,high,2,1
PA34_D_35_O2,PA34_D,P. acuta,34,9,D3,35,10:29:00 AM,10:58:00 AM,dark,high,2,1
PA36_D_35_O2,PA36_D,P. acuta,36,7,D3,35,10:32:00 AM,10:58:00 AM,dark,high,2,1
BLANK5_D_35_O2,BLANK5_D,P. acuta,BLANK,6,D3,35,10:26:00 AM,10:58:00 AM,dark,BLANK,2,1
BLANK6_D_35_O2,BLANK6_D,P. acuta,BLANK,10,D3,35,10:25:00 AM,10:58:00 AM,dark,BLANK,2,1
PA21_D_36_O2,PA21_D,P. acuta,21,1,D3,36,11:20:00 AM,11:46:00 AM,dark,low,2,1
PA22_D_36_O2,PA22_D,P. acuta,22,5,D3,36,11:20:00 AM,11:46:00 AM,dark,low,2,1
PA26_D_36_O2,PA26_D,P. acuta,26,8,D3,36,11:18:00 AM,11:48:00 AM,dark,low,2,1
PA27_D_36_O2,PA27_D,P. acuta,27,4,D3,36,11:17:00 AM,11:46:00 AM,dark,low,2,1
PA30_D_36_O2,PA30_D,P. acuta,30,2,D3,36,11:18:00 AM,11:46:00 AM,dark,high,2,1
PA33_D_36_O2,PA33_D,P. acuta,33,3,D3,36,11:21:00 AM,11:46:00 AM,dark,high,2,1
PA34_D_36_O2,PA34_D,P. acuta,34,9,D3,36,11:21:00 AM,11:48:00 AM,dark,high,2,1
PA36_D_36_O2,PA36_D,P. acuta,36,7,D3,36,11:19:00 AM,11:48:00 AM,dark,high,2,1
BLANK5_D_36_O2,BLANK5_D,P. acuta,BLANK,6,D3,36,11:19:00 AM,11:48:00 AM,dark,BLANK,2,1
BLANK6_D_36_O2,BLANK6_D,P. acuta,BLANK,10,D3,36,11:17:00 AM,11:48:00 AM,dark,BLANK,2,1
PA21_D_37_O2,PA21_D,P. acuta,21,1,D3,37,11:54:00 AM,12:20:00 PM,dark,low,2,1
PA22_D_37_O2,PA22_D,P. acuta,22,5,D3,37,11:57:00 AM,12:20:00 PM,dark,low,2,1
PA26_D_37_O2,PA26_D,P. acuta,26,8,D3,37,11:52:00 AM,12:22:00 PM,dark,low,2,1
PA27_D_37_O2,PA27_D,P. acuta,27,4,D3,37,11:52:00 AM,12:20:00 PM,dark,low,2,1
PA30_D_37_O2,PA30_D,P. acuta,30,2,D3,37,11:53:00 AM,12:20:00 PM,dark,high,2,1
PA33_D_37_O2,PA33_D,P. acuta,33,3,D3,37,11:56:00 AM,12:20:00 PM,dark,high,2,1
PA34_D_37_O2,PA34_D,P. acuta,34,9,D3,37,11:55:00 AM,12:22:00 PM,dark,high,2,1
PA36_D_37_O2,PA36_D,P. acuta,36,7,D3,37,11:57:00 AM,12:22:00 PM,dark,high,2,1
BLANK5_D_37_O2,BLANK5_D,P. acuta,BLANK,6,D3,37,11:54:00 AM,12:22:00 PM,dark,BLANK,2,1
BLANK6_D_37_O2,BLANK6_D,P. acuta,BLANK,10,D3,37,11:53:00 AM,12:22:00 PM,dark,BLANK,2,1
PA21_D_38_O2,PA21_D,P. acuta,21,1,D3,38,12:33:00 PM,12:58:00 PM,dark,low,2,1
PA22_D_38_O2,PA22_D,P. acuta,22,5,D3,38,12:35:00 PM,12:58:00 PM,dark,low,2,1
PA26_D_38_O2,PA26_D,P. acuta,26,8,D3,38,12:30:00 PM,1:01:00 PM,dark,low,2,1
PA27_D_38_O2,PA27_D,P. acuta,27,4,D3,38,12:30:00 PM,12:58:00 PM,dark,low,2,1
PA30_D_38_O2,PA30_D,P. acuta,30,2,D3,38,12:29:00 PM,12:58:00 PM,dark,high,2,1
PA33_D_38_O2,PA33_D,P. acuta,33,3,D3,38,12:29:00 PM,12:58:00 PM,dark,high,2,1
PA34_D_38_O2,PA34_D,P. acuta,34,9,D3,38,12:35:00 PM,1:01:00 PM,dark,high,2,1
PA36_D_38_O2,PA36_D,P. acuta,36,7,D3,38,12:33:00 PM,1:01:00 PM,dark,high,2,1
BLANK5_D_38_O2,BLANK5_D,P. acuta,BLANK,6,D3,38,12:31:00 PM,1:01:00 PM,dark,BLANK,2,1
BLANK6_D_38_O2,BLANK6_D,P. acuta,BLANK,10,D3,38,12:29:00 PM,1:01:00 PM,dark,BLANK,2,1
PA21_D_39_O2,PA21_D,P. acuta,21,1,D3,39,1:17:00 PM,1:24:00 PM,dark,low,2,1
PA22_D_39_O2,PA22_D,P. acuta,22,5,D3,39,1:18:00 PM,1:27:00 PM,dark,low,2,1
PA26_D_39_O2,PA26_D,P. acuta,26,8,D3,39,1:14:00 PM,1:27:00 PM,dark,low,2,1
PA27_D_39_O2,PA27_D,P. acuta,27,4,D3,39,1:13:00 PM,1:34:00 PM,dark,low,2,1
PA30_D_39_O2,PA30_D,P. acuta,30,2,D3,39,1:14:00 PM,1:32:00 PM,dark,high,2,1
PA33_D_39_O2,PA33_D,P. acuta,33,3,D3,39,1:16:00 PM,1:26:00 PM,dark,high,2,1
PA34_D_39_O2,PA34_D,P. acuta,34,9,D3,39,1:15:00 PM,1:31:00 PM,dark,high,2,1
PA36_D_39_O2,PA36_D,P. acuta,36,7,D3,39,1:15:00 PM,1:29:00 PM,dark,high,2,1
BLANK5_D_39_O2,BLANK5_D,P. acuta,BLANK,6,D3,39,1:16:00 PM,1:36:00 PM,dark,BLANK,2,1
BLANK6_D_39_O2,BLANK6_D,P. acuta,BLANK,10,D3,39,1:13:00 PM,1:39:00 PM,dark,BLANK,2,1
PA19_L_20_O2,PA19_L,P. acuta,19,7,L4,20,5:54:00 AM,7:03:00 AM,light,low,2,2
PA20_L_20_O2,PA20_L,P. acuta,20,5,L4,20,5:56:00 AM,7:06:00 AM,light,low,2,2
PA23_L_20_O2,PA23_L,P. acuta,23,3,L4,20,5:55:00 AM,7:04:00 AM,light,low,2,2
PA25_L_20_O2,PA25_L,P. acuta,25,4,L4,20,5:53:00 AM,7:00:00 AM,light,low,2,2
PA29_L_20_O2,PA29_L,P. acuta,29,8,L4,20,5:55:00 AM,7:04:00 AM,light,high,2,2
PA31_L_20_O2,PA31_L,P. acuta,31,2,L4,20,5:54:00 AM,7:03:00 AM,light,high,2,2
PA32_L_20_O2,PA32_L,P. acuta,32,10,L4,20,5:53:00 AM,7:02:00 AM,light,high,2,2
PA35_L_20_O2,PA35_L,P. acuta,35,9,L4,20,5:56:00 AM,7:06:00 AM,light,high,2,2
BLANK7_L_20_O2,BLANK7_L,P. acuta,BLANK,1,L4,20,5:51:00 AM,7:06:00 AM,light,BLANK,2,2
BLANK8_L_20_O2,BLANK8_L,P. acuta,BLANK,6,L4,20,5:51:00 AM,7:07:00 AM,light,BLANK,2,2
PA19_L_24_O2,PA19_L,P. acuta,19,7,L4,24,7:27:00 AM,8:38:00 AM,light,low,2,2
PA20_L_24_O2,PA20_L,P. acuta,20,5,L4,24,7:28:00 AM,8:38:00 AM,light,low,2,2
PA23_L_24_O2,PA23_L,P. acuta,23,3,L4,24,7:26:00 AM,8:37:00 AM,light,low,2,2
PA25_L_24_O2,PA25_L,P. acuta,25,4,L4,24,7:25:00 AM,8:36:00 AM,light,low,2,2
PA29_L_24_O2,PA29_L,P. acuta,29,8,L4,24,7:30:00 AM,8:39:00 AM,light,high,2,2
PA31_L_24_O2,PA31_L,P. acuta,31,2,L4,24,7:24:00 AM,8:35:00 AM,light,high,2,2
PA32_L_24_O2,PA32_L,P. acuta,32,10,L4,24,7:27:00 AM,8:37:00 AM,light,high,2,2
PA35_L_24_O2,PA35_L,P. acuta,35,9,L4,24,7:30:00 AM,8:39:00 AM,light,high,2,2
BLANK7_L_24_O2,BLANK7_L,P. acuta,BLANK,1,L4,24,7:22:00 AM,8:40:00 AM,light,BLANK,2,2
BLANK8_L_24_O2,BLANK8_L,P. acuta,BLANK,6,L4,24,7:23:00 AM,8:40:00 AM,light,BLANK,2,2
PA19_L_28_O2,PA19_L,P. acuta,19,7,L4,28,9:00:00 AM,10:09:00 AM,light,low,2,2
PA20_L_28_O2,PA20_L,P. acuta,20,5,L4,28,8:59:00 AM,10:08:00 AM,light,low,2,2
PA23_L_28_O2,PA23_L,P. acuta,23,3,L4,28,9:00:00 AM,10:08:00 AM,light,low,2,2
PA25_L_28_O2,PA25_L,P. acuta,25,4,L4,28,8:58:00 AM,10:07:00 AM,light,low,2,2
PA29_L_28_O2,PA29_L,P. acuta,29,8,L4,28,8:59:00 AM,10:07:00 AM,light,high,2,2
PA31_L_28_O2,PA31_L,P. acuta,31,2,L4,28,8:57:00 AM,10:05:00 AM,light,high,2,2
PA32_L_28_O2,PA32_L,P. acuta,32,10,L4,28,8:57:00 AM,10:07:00 AM,light,high,2,2
PA35_L_28_O2,PA35_L,P. acuta,35,9,L4,28,9:00:00 AM,10:09:00 AM,light,high,2,2
BLANK7_L_28_O2,BLANK7_L,P. acuta,BLANK,1,L4,28,8:56:00 AM,10:10:00 AM,light,BLANK,2,2
BLANK8_L_28_O2,BLANK8_L,P. acuta,BLANK,6,L4,28,8:56:00 AM,10:10:00 AM,light,BLANK,2,2
PA19_L_30_O2,PA19_L,P. acuta,19,7,L4,30,10:21:00 AM,11:30:00 AM,light,low,2,2
PA20_L_30_O2,PA20_L,P. acuta,20,5,L4,30,10:21:00 AM,11:30:00 AM,light,low,2,2
PA23_L_30_O2,PA23_L,P. acuta,23,3,L4,30,10:20:00 AM,11:29:00 AM,light,low,2,2
PA25_L_30_O2,PA25_L,P. acuta,25,4,L4,30,10:18:00 AM,11:27:00 AM,light,low,2,2
PA29_L_30_O2,PA29_L,P. acuta,29,8,L4,30,10:18:00 AM,11:28:00 AM,light,high,2,2
PA31_L_30_O2,PA31_L,P. acuta,31,2,L4,30,10:17:00 AM,11:26:00 AM,light,high,2,2
PA32_L_30_O2,PA32_L,P. acuta,32,10,L4,30,10:19:00 AM,11:28:00 AM,light,high,2,2
PA35_L_30_O2,PA35_L,P. acuta,35,9,L4,30,10:22:00 AM,11:31:00 AM,light,high,2,2
BLANK7_L_30_O2,BLANK7_L,P. acuta,BLANK,1,L4,30,10:16:00 AM,11:32:00 AM,light,BLANK,2,2
BLANK8_L_30_O2,BLANK8_L,P. acuta,BLANK,6,L4,30,10:17:00 AM,11:32:00 AM,light,BLANK,2,2
PA19_L_31_O2,PA19_L,P. acuta,19,7,L4,31,11:41:00 AM,12:51:00 PM,light,low,2,2
PA20_L_31_O2,PA20_L,P. acuta,20,5,L4,31,11:41:00 AM,12:50:00 PM,light,low,2,2
PA23_L_31_O2,PA23_L,P. acuta,23,3,L4,31,11:40:00 AM,12:49:00 PM,light,low,2,2
PA25_L_31_O2,PA25_L,P. acuta,25,4,L4,31,11:37:00 AM,12:47:00 PM,light,low,2,2
PA29_L_31_O2,PA29_L,P. acuta,29,8,L4,31,11:38:00 AM,12:48:00 PM,light,high,2,2
PA31_L_31_O2,PA31_L,P. acuta,31,2,L4,31,11:37:00 AM,12:46:00 PM,light,high,2,2
PA32_L_31_O2,PA32_L,P. acuta,32,10,L4,31,11:39:00 AM,12:49:00 PM,light,high,2,2
PA35_L_31_O2,PA35_L,P. acuta,35,9,L4,31,11:42:00 AM,12:51:00 PM,light,high,2,2
BLANK7_L_31_O2,BLANK7_L,P. acuta,BLANK,1,L4,31,11:35:00 AM,12:52:00 PM,light,BLANK,2,2
BLANK8_L_31_O2,BLANK8_L,P. acuta,BLANK,6,L4,31,11:36:00 AM,12:51:00 PM,light,BLANK,2,2
PA19_L_32_O2,PA19_L,P. acuta,19,7,L4,32,1:13:00 PM,2:21:00 PM,light,low,2,2
PA20_L_32_O2,PA20_L,P. acuta,20,5,L4,32,1:12:00 PM,2:21:00 PM,light,low,2,2
PA23_L_32_O2,PA23_L,P. acuta,23,3,L4,32,1:11:00 PM,2:20:00 PM,light,low,2,2
PA25_L_32_O2,PA25_L,P. acuta,25,4,L4,32,1:11:00 PM,2:17:00 PM,light,low,2,2
PA29_L_32_O2,PA29_L,P. acuta,29,8,L4,32,1:10:00 PM,2:18:00 PM,light,high,2,2
PA31_L_32_O2,PA31_L,P. acuta,31,2,L4,32,1:10:00 PM,2:16:00 PM,light,high,2,2
PA32_L_32_O2,PA32_L,P. acuta,32,10,L4,32,1:09:00 PM,2:20:00 PM,light,high,2,2
PA35_L_32_O2,PA35_L,P. acuta,35,9,L4,32,1:12:00 PM,2:21:00 PM,light,high,2,2
BLANK7_L_32_O2,BLANK7_L,P. acuta,BLANK,1,L4,32,1:09:00 PM,2:22:00 PM,light,BLANK,2,2
BLANK8_L_32_O2,BLANK8_L,P. acuta,BLANK,6,L4,32,1:08:00 PM,2:22:00 PM,light,BLANK,2,2
PA19_L_35_O2,PA19_L,P. acuta,19,7,L4,35,2:38:00 PM,3:50:00 PM,light,low,2,2
PA20_L_35_O2,PA20_L,P. acuta,20,5,L4,35,2:38:00 PM,3:58:00 PM,light,low,2,2
PA23_L_35_O2,PA23_L,P. acuta,23,3,L4,35,2:37:00 PM,3:57:00 PM,light,low,2,2
PA25_L_35_O2,PA25_L,P. acuta,25,4,L4,35,2:36:00 PM,3:44:00 PM,light,low,2,2
PA29_L_35_O2,PA29_L,P. acuta,29,8,L4,35,2:36:00 PM,3:45:00 PM,light,high,2,2
PA31_L_35_O2,PA31_L,P. acuta,31,2,L4,35,2:35:00 PM,3:43:00 PM,light,high,2,2
PA32_L_35_O2,PA32_L,P. acuta,32,10,L4,35,2:37:00 PM,3:46:00 PM,light,high,2,2
PA35_L_35_O2,PA35_L,P. acuta,35,9,L4,35,2:39:00 PM,3:49:00 PM,light,high,2,2
BLANK7_L_35_O2,BLANK7_L,P. acuta,BLANK,1,L4,35,2:34:00 PM,3:50:00 PM,light,BLANK,2,2
BLANK8_L_35_O2,BLANK8_L,P. acuta,BLANK,6,L4,35,2:34:00 PM,3:51:00 PM,light,BLANK,2,2
PA19_L_37_O2,PA19_L,P. acuta,19,7,L4,37,4:03:00 PM,5:18:00 PM,light,low,2,2
PA20_L_37_O2,PA20_L,P. acuta,20,5,L4,37,4:02:00 PM,5:16:00 PM,light,low,2,2
PA23_L_37_O2,PA23_L,P. acuta,23,3,L4,37,4:01:00 PM,5:12:00 PM,light,low,2,2
PA25_L_37_O2,PA25_L,P. acuta,25,4,L4,37,3:59:00 PM,5:09:00 PM,light,low,2,2
PA29_L_37_O2,PA29_L,P. acuta,29,8,L4,37,4:00:00 PM,5:11:00 PM,light,high,2,2
PA31_L_37_O2,PA31_L,P. acuta,31,2,L4,37,3:58:00 PM,5:07:00 PM,light,high,2,2
PA32_L_37_O2,PA32_L,P. acuta,32,10,L4,37,4:00:00 PM,5:12:00 PM,light,high,2,2
PA35_L_37_O2,PA35_L,P. acuta,35,9,L4,37,4:04:00 PM,5:21:00 PM,light,high,2,2
BLANK7_L_37_O2,BLANK7_L,P. acuta,BLANK,1,L4,37,3:57:00 PM,5:11:00 PM,light,BLANK,2,2
BLANK8_L_37_O2,BLANK8_L,P. acuta,BLANK,6,L4,37,3:57:00 PM,5:10:00 PM,light,BLANK,2,2
PA19_D_20_O2,PA19_D,P. acuta,19,5,D4,20,5:43:00 AM,6:06:00 AM,dark,low,2,2
PA20_D_20_O2,PA20_D,P. acuta,20,8,D4,20,5:38:00 AM,6:08:00 AM,dark,low,2,2
PA23_D_20_O2,PA23_D,P. acuta,23,1,D4,20,5:43:00 AM,6:06:00 AM,dark,low,2,2
PA25_D_20_O2,PA25_D,P. acuta,25,10,D4,20,5:39:00 AM,6:08:00 AM,dark,low,2,2
PA29_D_20_O2,PA29_D,P. acuta,29,7,D4,20,5:39:00 AM,6:08:00 AM,dark,high,2,2
PA31_D_20_O2,PA31_D,P. acuta,31,9,D4,20,5:35:00 AM,6:08:00 AM,dark,high,2,2
PA32_D_20_O2,PA32_D,P. acuta,32,6,D4,20,5:37:00 AM,6:08:00 AM,dark,high,2,2
PA35_D_20_O2,PA35_D,P. acuta,35,3,D4,20,5:40:00 AM,6:06:00 AM,dark,high,2,2
BLANK7_D_20_O2,BLANK7_D,P. acuta,BLANK,2,D4,20,5:36:00 AM,6:06:00 AM,dark,BLANK,2,2
BLANK8_D_20_O2,BLANK8_D,P. acuta,BLANK,4,D4,20,5:35:00 AM,6:06:00 AM,dark,BLANK,2,2
PA19_D_24_O2,PA19_D,P. acuta,19,5,D4,24,6:32:00 AM,6:58:00 AM,dark,low,2,2
PA20_D_24_O2,PA20_D,P. acuta,20,8,D4,24,6:28:00 AM,7:00:00 AM,dark,low,2,2
PA23_D_24_O2,PA23_D,P. acuta,23,1,D4,24,6:31:00 AM,6:58:00 AM,dark,low,2,2
PA25_D_24_O2,PA25_D,P. acuta,25,10,D4,24,6:27:00 AM,7:00:00 AM,dark,low,2,2
PA29_D_24_O2,PA29_D,P. acuta,29,7,D4,24,6:33:00 AM,7:00:00 AM,dark,high,2,2
PA31_D_24_O2,PA31_D,P. acuta,31,9,D4,24,6:31:00 AM,7:00:00 AM,dark,high,2,2
PA32_D_24_O2,PA32_D,P. acuta,32,6,D4,24,6:32:00 AM,7:00:00 AM,dark,high,2,2
PA35_D_24_O2,PA35_D,P. acuta,35,3,D4,24,6:30:00 AM,6:58:00 AM,dark,high,2,2
BLANK7_D_24_O2,BLANK7_D,P. acuta,BLANK,2,D4,24,6:27:00 AM,6:58:00 AM,dark,BLANK,2,2
BLANK8_D_24_O2,BLANK8_D,P. acuta,BLANK,4,D4,24,6:28:00 AM,6:58:00 AM,dark,BLANK,2,2
PA19_D_28_O2,PA19_D,P. acuta,19,5,D4,28,7:24:00 AM,7:49:00 AM,dark,low,2,2
PA20_D_28_O2,PA20_D,P. acuta,20,8,D4,28,7:23:00 AM,7:51:00 AM,dark,low,2,2
PA23_D_28_O2,PA23_D,P. acuta,23,1,D4,28,7:21:00 AM,7:49:00 AM,dark,low,2,2
PA25_D_28_O2,PA25_D,P. acuta,25,10,D4,28,7:21:00 AM,7:51:00 AM,dark,low,2,2
PA29_D_28_O2,PA29_D,P. acuta,29,7,D4,28,7:26:00 AM,7:51:00 AM,dark,high,2,2
PA31_D_28_O2,PA31_D,P. acuta,31,9,D4,28,7:25:00 AM,7:51:00 AM,dark,high,2,2
PA32_D_28_O2,PA32_D,P. acuta,32,6,D4,28,7:24:00 AM,7:52:00 AM,dark,high,2,2
PA35_D_28_O2,PA35_D,P. acuta,35,3,D4,28,7:23:00 AM,7:49:00 AM,dark,high,2,2
BLANK7_D_28_O2,BLANK7_D,P. acuta,BLANK,2,D4,28,7:20:00 AM,7:49:00 AM,dark,BLANK,2,2
BLANK8_D_28_O2,BLANK8_D,P. acuta,BLANK,4,D4,28,7:19:00 AM,7:49:00 AM,dark,BLANK,2,2
PA19_D_30_O2,PA19_D,P. acuta,19,5,D4,30,8:01:00 AM,8:26:00 AM,dark,low,2,2
PA20_D_30_O2,PA20_D,P. acuta,20,8,D4,30,7:57:00 AM,8:28:00 AM,dark,low,2,2
PA23_D_30_O2,PA23_D,P. acuta,23,1,D4,30,7:59:00 AM,8:26:00 AM,dark,low,2,2
PA25_D_30_O2,PA25_D,P. acuta,25,10,D4,30,7:59:00 AM,8:28:00 AM,dark,low,2,2
PA29_D_30_O2,PA29_D,P. acuta,29,7,D4,30,8:01:00 AM,8:28:00 AM,dark,high,2,2
PA31_D_30_O2,PA31_D,P. acuta,31,9,D4,30,8:03:00 AM,8:28:00 AM,dark,high,2,2
PA32_D_30_O2,PA32_D,P. acuta,32,6,D4,30,8:01:00 AM,8:28:00 AM,dark,high,2,2
PA35_D_30_O2,PA35_D,P. acuta,35,3,D4,30,8:00:00 AM,8:26:00 AM,dark,high,2,2
BLANK7_D_30_O2,BLANK7_D,P. acuta,BLANK,2,D4,30,7:57:00 AM,8:26:00 AM,dark,BLANK,2,2
BLANK8_D_30_O2,BLANK8_D,P. acuta,BLANK,4,D4,30,7:58:00 AM,8:26:00 AM,dark,BLANK,2,2
PA19_D_31_O2,PA19_D,P. acuta,19,5,D4,31,8:33:00 AM,8:57:00 AM,dark,low,2,2
PA20_D_31_O2,PA20_D,P. acuta,20,8,D4,31,8:30:00 AM,8:59:00 AM,dark,low,2,2
PA23_D_31_O2,PA23_D,P. acuta,23,1,D4,31,8:32:00 AM,8:57:00 AM,dark,low,2,2
PA25_D_31_O2,PA25_D,P. acuta,25,10,D4,31,8:29:00 AM,8:59:00 AM,dark,low,2,2
PA29_D_31_O2,PA29_D,P. acuta,29,7,D4,31,8:33:00 AM,8:59:00 AM,dark,high,2,2
PA31_D_31_O2,PA31_D,P. acuta,31,9,D4,31,8:32:00 AM,8:59:00 AM,dark,high,2,2
PA32_D_31_O2,PA32_D,P. acuta,32,6,D4,31,8:31:00 AM,8:59:00 AM,dark,high,2,2
PA35_D_31_O2,PA35_D,P. acuta,35,3,D4,31,8:31:00 AM,8:57:00 AM,dark,high,2,2
BLANK7_D_31_O2,BLANK7_D,P. acuta,BLANK,2,D4,31,8:30:00 AM,8:57:00 AM,dark,BLANK,2,2
BLANK8_D_31_O2,BLANK8_D,P. acuta,BLANK,4,D4,31,8:29:00 AM,8:57:00 AM,dark,BLANK,2,2
PA19_D_32_O2,PA19_D,P. acuta,19,5,D4,32,9:07:00 AM,9:34:00 AM,dark,low,2,2
PA20_D_32_O2,PA20_D,P. acuta,20,8,D4,32,9:04:00 AM,9:36:00 AM,dark,low,2,2
PA23_D_32_O2,PA23_D,P. acuta,23,1,D4,32,9:07:00 AM,9:34:00 AM,dark,low,2,2
PA25_D_32_O2,PA25_D,P. acuta,25,10,D4,32,9:05:00 AM,9:36:00 AM,dark,low,2,2
PA29_D_32_O2,PA29_D,P. acuta,29,7,D4,32,9:07:00 AM,9:36:00 AM,dark,high,2,2
PA31_D_32_O2,PA31_D,P. acuta,31,9,D4,32,9:06:00 AM,9:36:00 AM,dark,high,2,2
PA32_D_32_O2,PA32_D,P. acuta,32,6,D4,32,9:05:00 AM,9:36:00 AM,dark,high,2,2
PA35_D_32_O2,PA35_D,P. acuta,35,3,D4,32,9:06:00 AM,9:34:00 AM,dark,high,2,2
BLANK7_D_32_O2,BLANK7_D,P. acuta,BLANK,2,D4,32,9:03:00 AM,9:34:00 AM,dark,BLANK,2,2
BLANK8_D_32_O2,BLANK8_D,P. acuta,BLANK,4,D4,32,9:04:00 AM,9:34:00 AM,dark,BLANK,2,2
PA19_D_35_O2,PA19_D,P. acuta,19,5,D4,35,9:52:00 AM,10:17:00 AM,dark,low,2,2
PA20_D_35_O2,PA20_D,P. acuta,20,8,D4,35,9:50:00 AM,10:19:00 AM,dark,low,2,2
PA23_D_35_O2,PA23_D,P. acuta,23,1,D4,35,9:51:00 AM,10:17:00 AM,dark,low,2,2
PA25_D_35_O2,PA25_D,P. acuta,25,10,D4,35,9:48:00 AM,10:19:00 AM,dark,low,2,2
PA29_D_35_O2,PA29_D,P. acuta,29,7,D4,35,9:51:00 AM,10:19:00 AM,dark,high,2,2
PA31_D_35_O2,PA31_D,P. acuta,31,9,D4,35,9:52:00 AM,10:19:00 AM,dark,high,2,2
PA32_D_35_O2,PA32_D,P. acuta,32,6,D4,35,9:50:00 AM,10:19:00 AM,dark,high,2,2
PA35_D_35_O2,PA35_D,P. acuta,35,3,D4,35,9:53:00 AM,10:17:00 AM,dark,high,2,2
BLANK7_D_35_O2,BLANK7_D,P. acuta,BLANK,2,D4,35,9:48:00 AM,10:17:00 AM,dark,BLANK,2,2
BLANK8_D_35_O2,BLANK8_D,P. acuta,BLANK,4,D4,35,9:48:00 AM,10:17:00 AM,dark,BLANK,2,2
PA19_D_36_O2,PA19_D,P. acuta,19,5,D4,36,10:38:00 AM,11:08:00 AM,dark,low,2,2
PA20_D_36_O2,PA20_D,P. acuta,20,8,D4,36,10:33:00 AM,11:10:00 AM,dark,low,2,2
PA23_D_36_O2,PA23_D,P. acuta,23,1,D4,36,10:39:00 AM,11:08:00 AM,dark,low,2,2
PA25_D_36_O2,PA25_D,P. acuta,25,10,D4,36,10:34:00 AM,11:10:00 AM,dark,low,2,2
PA29_D_36_O2,PA29_D,P. acuta,29,7,D4,36,10:36:00 AM,11:10:00 AM,dark,high,2,2
PA31_D_36_O2,PA31_D,P. acuta,31,9,D4,36,10:35:00 AM,11:10:00 AM,dark,high,2,2
PA32_D_36_O2,PA32_D,P. acuta,32,6,D4,36,10:32:00 AM,11:10:00 AM,dark,high,2,2
PA35_D_36_O2,PA35_D,P. acuta,35,3,D4,36,10:40:00 AM,11:08:00 AM,dark,high,2,2
BLANK7_D_36_O2,BLANK7_D,P. acuta,BLANK,2,D4,36,10:30:00 AM,11:08:00 AM,dark,BLANK,2,2
BLANK8_D_36_O2,BLANK8_D,P. acuta,BLANK,4,D4,36,10:31:00 AM,11:08:00 AM,dark,BLANK,2,2
PA19_D_37_O2,PA19_D,P. acuta,19,5,D4,37,11:21:00 AM,11:48:00 AM,dark,low,2,2
PA20_D_37_O2,PA20_D,P. acuta,20,8,D4,37,11:18:00 AM,11:50:00 AM,dark,low,2,2
PA23_D_37_O2,PA23_D,P. acuta,23,1,D4,37,11:19:00 AM,11:48:00 AM,dark,low,2,2
PA25_D_37_O2,PA25_D,P. acuta,25,10,D4,37,11:17:00 AM,11:50:00 AM,dark,low,2,2
PA29_D_37_O2,PA29_D,P. acuta,29,7,D4,37,11:20:00 AM,11:50:00 AM,dark,high,2,2
PA31_D_37_O2,PA31_D,P. acuta,31,9,D4,37,11:19:00 AM,11:50:00 AM,dark,high,2,2
PA32_D_37_O2,PA32_D,P. acuta,32,6,D4,37,11:18:00 AM,11:50:00 AM,dark,high,2,2
PA35_D_37_O2,PA35_D,P. acuta,35,3,D4,37,11:20:00 AM,11:48:00 AM,dark,high,2,2
BLANK7_D_37_O2,BLANK7_D,P. acuta,BLANK,2,D4,37,11:17:00 AM,11:48:00 AM,dark,BLANK,2,2
BLANK8_D_37_O2,BLANK8_D,P. acuta,BLANK,4,D4,37,11:16:00 AM,11:48:00 AM,dark,BLANK,2,2
PA19_D_38_O2,PA19_D,P. acuta,19,5,D4,38,12:06:00 PM,12:32:00 PM,dark,low,2,2
PA20_D_38_O2,PA20_D,P. acuta,20,8,D4,38,12:02:00 PM,12:34:00 PM,dark,low,2,2
PA23_D_38_O2,PA23_D,P. acuta,23,1,D4,38,12:07:00 PM,12:32:00 PM,dark,low,2,2
PA25_D_38_O2,PA25_D,P. acuta,25,10,D4,38,12:03:00 PM,12:34:00 PM,dark,low,2,2
PA29_D_38_O2,PA29_D,P. acuta,29,7,D4,38,12:05:00 PM,12:34:00 PM,dark,high,2,2
PA31_D_38_O2,PA31_D,P. acuta,31,9,D4,38,12:06:00 PM,12:34:00 PM,dark,high,2,2
PA32_D_38_O2,PA32_D,P. acuta,32,6,D4,38,12:02:00 PM,12:34:00 PM,dark,high,2,2
PA35_D_38_O2,PA35_D,P. acuta,35,3,D4,38,12:05:00 PM,12:32:00 PM,dark,high,2,2
BLANK7_D_38_O2,BLANK7_D,P. acuta,BLANK,2,D4,38,12:03:00 PM,12:32:00 PM,dark,BLANK,2,2
BLANK8_D_38_O2,BLANK8_D,P. acuta,BLANK,4,D4,38,12:04:00 PM,12:32:00 PM,dark,BLANK,2,2
PA19_D_39_O2,PA19_D,P. acuta,19,5,D4,39,12:44:00 PM,1:10:00 PM,dark,low,2,2
PA20_D_39_O2,PA20_D,P. acuta,20,8,D4,39,12:38:00 PM,1:14:00 PM,dark,low,2,2
PA23_D_39_O2,PA23_D,P. acuta,23,1,D4,39,12:40:00 PM,1:10:00 PM,dark,low,2,2
PA25_D_39_O2,PA25_D,P. acuta,25,10,D4,39,12:37:00 PM,1:14:00 PM,dark,low,2,2
PA29_D_39_O2,PA29_D,P. acuta,29,7,D4,39,12:42:00 PM,1:14:00 PM,dark,high,2,2
PA31_D_39_O2,PA31_D,P. acuta,31,9,D4,39,12:42:00 PM,1:14:00 PM,dark,high,2,2
PA32_D_39_O2,PA32_D,P. acuta,32,6,D4,39,12:40:00 PM,1:14:00 PM,dark,high,2,2
PA35_D_39_O2,PA35_D,P. acuta,35,3,D4,39,12:41:00 PM,1:10:00 PM,dark,high,2,2
BLANK7_D_39_O2,BLANK7_D,P. acuta,BLANK,2,D4,39,12:38:00 PM,1:10:00 PM,dark,BLANK,2,2
BLANK8_D_39_O2,BLANK8_D,P. acuta,BLANK,4,D4,39,12:37:00 PM,1:10:00 PM,dark,BLANK,2,2
PA19_D_40_O2,PA19_D,P. acuta,19,5,D4,40,1:17:00 PM,1:43:00 PM,dark,low,2,2
PA20_D_40_O2,PA20_D,P. acuta,20,8,D4,40,1:19:00 PM,1:54:00 PM,dark,low,2,2
PA23_D_40_O2,PA23_D,P. acuta,23,1,D4,40,1:18:00 PM,1:56:00 PM,dark,low,2,2
PA25_D_40_O2,PA25_D,P. acuta,25,10,D4,40,1:17:00 PM,1:56:00 PM,dark,low,2,2
PA29_D_40_O2,PA29_D,P. acuta,29,7,D4,40,1:16:00 PM,1:56:00 PM,dark,high,2,2
PA31_D_40_O2,PA31_D,P. acuta,31,9,D4,40,1:19:00 PM,1:56:00 PM,dark,high,2,2
PA32_D_40_O2,PA32_D,P. acuta,32,6,D4,40,1:18:00 PM,1:56:00 PM,dark,high,2,2
PA35_D_40_O2,PA35_D,P. acuta,35,3,D4,40,1:18:00 PM,1:43:00 PM,dark,high,2,2
BLANK7_D_40_O2,BLANK7_D,P. acuta,BLANK,2,D4,40,1:14:00 PM,1:43:00 PM,dark,BLANK,2,2
BLANK8_D_40_O2,BLANK8_D,P. acuta,BLANK,4,D4,40,1:14:00 PM,1:43:00 PM,dark,BLANK,2,2
PA37_L_20_O2,PA37_L,P. acuta,37,5,L5,20,5:54:00 AM,6:56:00 AM,light,low,3,1
PA39_L_20_O2,PA39_L,P. acuta,39,8,L5,20,5:45:00 AM,6:57:00 AM,light,low,3,1
PA41_L_20_O2,PA41_L,P. acuta,41,1,L5,20,5:50:00 AM,7:00:00 AM,light,low,3,1
PA42_L_20_O2,PA42_L,P. acuta,42,10,L5,20,5:47:00 AM,6:58:00 AM,light,low,3,1
PA46_L_20_O2,PA46_L,P. acuta,46,7,L5,20,5:48:00 AM,6:59:00 AM,light,high,3,1
PA49_L_20_O2,PA49_L,P. acuta,49,9,L5,20,5:48:00 AM,6:58:00 AM,light,high,3,1
PA50_L_20_O2,PA50_L,P. acuta,50,6,L5,20,5:47:00 AM,6:58:00 AM,light,high,3,1
PA53_L_20_O2,PA53_L,P. acuta,53,3,L5,20,5:50:00 AM,7:00:00 AM,light,high,3,1
BLANK9_L_20_O2,BLANK9_L,P. acuta,BLANK,2,L5,20,5:49:00 AM,7:02:00 AM,light,BLANK,3,1
BLANK10_L_20_O2,BLANK10_L,P. acuta,BLANK,4,L5,20,5:50:00 AM,7:01:00 AM,light,BLANK,3,1
PA37_L_24_O2,PA37_L,P. acuta,37,5,L5,24,7:28:00 AM,8:38:00 AM,light,low,3,1
PA39_L_24_O2,PA39_L,P. acuta,39,8,L5,24,7:26:00 AM,8:35:00 AM,light,low,3,1
PA41_L_24_O2,PA41_L,P. acuta,41,1,L5,24,7:25:00 AM,8:34:00 AM,light,low,3,1
PA42_L_24_O2,PA42_L,P. acuta,42,10,L5,24,7:28:00 AM,8:37:00 AM,light,low,3,1
PA46_L_24_O2,PA46_L,P. acuta,46,7,L5,24,7:29:00 AM,8:39:00 AM,light,high,3,1
PA49_L_24_O2,PA49_L,P. acuta,49,9,L5,24,7:29:00 AM,8:39:00 AM,light,high,3,1
PA50_L_24_O2,PA50_L,P. acuta,50,6,L5,24,7:23:00 AM,8:33:00 AM,light,high,3,1
PA53_L_24_O2,PA53_L,P. acuta,53,3,L5,24,7:27:00 AM,8:36:00 AM,light,high,3,1
BLANK9_L_24_O2,BLANK9_L,P. acuta,BLANK,2,L5,24,7:22:00 AM,8:41:00 AM,light,BLANK,3,1
BLANK10_L_24_O2,BLANK10_L,P. acuta,BLANK,4,L5,24,7:22:00 AM,8:42:00 AM,light,BLANK,3,1
PA37_L_28_O2,PA37_L,P. acuta,37,5,L5,28,8:57:00 AM,10:05:00 AM,light,low,3,1
PA39_L_28_O2,PA39_L,P. acuta,39,8,L5,28,8:56:00 AM,10:02:00 AM,light,low,3,1
PA41_L_28_O2,PA41_L,P. acuta,41,1,L5,28,8:57:00 AM,10:05:00 AM,light,low,3,1
PA42_L_28_O2,PA42_L,P. acuta,42,10,L5,28,8:55:00 AM,10:03:00 AM,light,low,3,1
PA46_L_28_O2,PA46_L,P. acuta,46,7,L5,28,8:59:00 AM,10:06:00 AM,light,high,3,1
PA49_L_28_O2,PA49_L,P. acuta,49,9,L5,28,8:58:00 AM,10:06:00 AM,light,high,3,1
PA50_L_28_O2,PA50_L,P. acuta,50,6,L5,28,8:57:00 AM,10:04:00 AM,light,high,3,1
PA53_L_28_O2,PA53_L,P. acuta,53,3,L5,28,8:56:00 AM,10:04:00 AM,light,high,3,1
BLANK9_L_28_O2,BLANK9_L,P. acuta,BLANK,2,L5,28,8:54:00 AM,10:08:00 AM,light,BLANK,3,1
BLANK10_L_28_O2,BLANK10_L,P. acuta,BLANK,4,L5,28,8:55:00 AM,10:09:00 AM,light,BLANK,3,1
PA37_L_30_O2,PA37_L,P. acuta,37,5,L5,30,12:33:00 PM,1:42:00 PM,light,low,3,1
PA39_L_30_O2,PA39_L,P. acuta,39,8,L5,30,12:32:00 PM,1:41:00 PM,light,low,3,1
PA41_L_30_O2,PA41_L,P. acuta,41,1,L5,30,12:32:00 PM,1:41:00 PM,light,low,3,1
PA42_L_30_O2,PA42_L,P. acuta,42,10,L5,30,12:31:00 PM,1:40:00 PM,light,low,3,1
PA46_L_30_O2,PA46_L,P. acuta,46,7,L5,30,12:34:00 PM,1:43:00 PM,light,high,3,1
PA49_L_30_O2,PA49_L,P. acuta,49,9,L5,30,12:34:00 PM,1:43:00 PM,light,high,3,1
PA50_L_30_O2,PA50_L,P. acuta,50,6,L5,30,12:31:00 PM,1:39:00 PM,light,high,3,1
PA53_L_30_O2,PA53_L,P. acuta,53,3,L5,30,12:33:00 PM,1:42:00 PM,light,high,3,1
BLANK9_L_30_O2,BLANK9_L,P. acuta,BLANK,2,L5,30,12:28:00 PM,1:44:00 PM,light,BLANK,3,1
BLANK10_L_30_O2,BLANK10_L,P. acuta,BLANK,4,L5,30,12:29:00 PM,1:44:00 PM,light,BLANK,3,1
PA37_L_31_O2,PA37_L,P. acuta,37,5,L5,31,1:52:00 PM,2:59:00 PM,light,low,3,1
PA39_L_31_O2,PA39_L,P. acuta,39,8,L5,31,1:51:00 PM,2:58:00 PM,light,low,3,1
PA41_L_31_O2,PA41_L,P. acuta,41,1,L5,31,1:50:00 PM,2:58:00 PM,light,low,3,1
PA42_L_31_O2,PA42_L,P. acuta,42,10,L5,31,1:52:00 PM,2:59:00 PM,light,low,3,1
PA46_L_31_O2,PA46_L,P. acuta,46,7,L5,31,1:53:00 PM,3:00:00 PM,light,high,3,1
PA49_L_31_O2,PA49_L,P. acuta,49,9,L5,31,1:53:00 PM,3:00:00 PM,light,high,3,1
PA50_L_31_O2,PA50_L,P. acuta,50,6,L5,31,1:49:00 PM,2:57:00 PM,light,high,3,1
PA53_L_31_O2,PA53_L,P. acuta,53,3,L5,31,1:52:00 PM,2:58:00 PM,light,high,3,1
BLANK9_L_31_O2,BLANK9_L,P. acuta,BLANK,2,L5,31,1:48:00 PM,3:01:00 PM,light,BLANK,3,1
BLANK10_L_31_O2,BLANK10_L,P. acuta,BLANK,4,L5,31,1:48:00 PM,3:02:00 PM,light,BLANK,3,1
PA37_L_32_O2,PA37_L,P. acuta,37,5,L5,32,3:10:00 PM,4:14:00 PM,light,low,3,1
PA39_L_32_O2,PA39_L,P. acuta,39,8,L5,32,3:08:00 PM,4:16:00 PM,light,low,3,1
PA41_L_32_O2,PA41_L,P. acuta,41,1,L5,32,3:07:00 PM,4:15:00 PM,light,low,3,1
PA42_L_32_O2,PA42_L,P. acuta,42,10,L5,32,3:09:00 PM,4:17:00 PM,light,low,3,1
PA46_L_32_O2,PA46_L,P. acuta,46,7,L5,32,3:10:00 PM,4:18:00 PM,light,high,3,1
PA49_L_32_O2,PA49_L,P. acuta,49,9,L5,32,3:10:00 PM,4:18:00 PM,light,high,3,1
PA50_L_32_O2,PA50_L,P. acuta,50,6,L5,32,3:07:00 PM,4:14:00 PM,light,high,3,1
PA53_L_32_O2,PA53_L,P. acuta,53,3,L5,32,3:08:00 PM,4:16:00 PM,light,high,3,1
BLANK9_L_32_O2,BLANK9_L,P. acuta,BLANK,2,L5,32,3:05:00 PM,4:20:00 PM,light,BLANK,3,1
BLANK10_L_32_O2,BLANK10_L,P. acuta,BLANK,4,L5,32,3:06:00 PM,4:21:00 PM,light,BLANK,3,1
PA37_L_35_O2,PA37_L,P. acuta,37,5,L5,35,4:33:00 PM,5:41:00 PM,light,low,3,1
PA39_L_35_O2,PA39_L,P. acuta,39,8,L5,35,4:33:00 PM,5:40:00 PM,light,low,3,1
PA41_L_35_O2,PA41_L,P. acuta,41,1,L5,35,4:32:00 PM,5:39:00 PM,light,low,3,1
PA42_L_35_O2,PA42_L,P. acuta,42,10,L5,35,4:34:00 PM,5:41:00 PM,light,low,3,1
PA46_L_35_O2,PA46_L,P. acuta,46,7,L5,35,4:35:00 PM,5:41:00 PM,light,high,3,1
PA49_L_35_O2,PA49_L,P. acuta,49,9,L5,35,4:35:00 PM,5:41:00 PM,light,high,3,1
PA50_L_35_O2,PA50_L,P. acuta,50,6,L5,35,4:31:00 PM,5:38:00 PM,light,high,3,1
PA53_L_35_O2,PA53_L,P. acuta,53,3,L5,35,4:34:00 PM,5:40:00 PM,light,high,3,1
BLANK9_L_35_O2,BLANK9_L,P. acuta,BLANK,2,L5,35,4:30:00 PM,5:43:00 PM,light,BLANK,3,1
BLANK10_L_35_O2,BLANK10_L,P. acuta,BLANK,4,L5,35,4:30:00 PM,5:44:00 PM,light,BLANK,3,1
PA37_L_37_O2,PA37_L,P. acuta,37,5,L5,37,5:59:00 PM,7:14:00 PM,light,low,3,1
PA39_L_37_O2,PA39_L,P. acuta,39,8,L5,37,5:57:00 PM,7:08:00 PM,light,low,3,1
PA41_L_37_O2,PA41_L,P. acuta,41,1,L5,37,5:56:00 PM,7:06:00 PM,light,low,3,1
PA42_L_37_O2,PA42_L,P. acuta,42,10,L5,37,5:58:00 PM,7:12:00 PM,light,low,3,1
PA46_L_37_O2,PA46_L,P. acuta,46,7,L5,37,6:00:00 PM,7:15:00 PM,light,high,3,1
PA49_L_37_O2,PA49_L,P. acuta,49,9,L5,37,5:59:00 PM,7:17:00 PM,light,high,3,1
PA50_L_37_O2,PA50_L,P. acuta,50,6,L5,37,5:56:00 PM,7:04:00 PM,light,high,3,1
PA53_L_37_O2,PA53_L,P. acuta,53,3,L5,37,5:58:00 PM,7:10:00 PM,light,high,3,1
BLANK9_L_37_O2,BLANK9_L,P. acuta,BLANK,2,L5,37,5:54:00 PM,7:18:00 PM,light,BLANK,3,1
BLANK10_L_37_O2,BLANK10_L,P. acuta,BLANK,4,L5,37,5:55:00 PM,7:19:00 PM,light,BLANK,3,1
PA37_D_20_O2,PA37_D,P. acuta,37,5,D5,20,5:24:00 AM,5:56:00 AM,dark,low,3,1
PA39_D_20_O2,PA39_D,P. acuta,39,8,D5,20,5:29:00 AM,5:58:00 AM,dark,low,3,1
PA41_D_20_O2,PA41_D,P. acuta,41,1,D5,20,5:32:00 AM,5:56:00 AM,dark,low,3,1
PA42_D_20_O2,PA42_D,P. acuta,42,10,D5,20,5:27:00 AM,5:58:00 AM,dark,low,3,1
PA46_D_20_O2,PA46_D,P. acuta,46,7,D5,20,5:29:00 AM,5:58:00 AM,dark,high,3,1
PA49_D_20_O2,PA49_D,P. acuta,49,9,D5,20,5:24:00 AM,5:58:00 AM,dark,high,3,1
PA50_D_20_O2,PA50_D,P. acuta,50,6,D5,20,5:31:00 AM,5:58:00 AM,dark,high,3,1
PA53_D_20_O2,PA53_D,P. acuta,53,3,D5,20,5:27:00 AM,5:56:00 AM,dark,high,3,1
BLANK9_D_20_O2,BLANK9_D,P. acuta,BLANK,4,D5,20,5:33:00 AM,5:56:00 AM,dark,BLANK,3,1
BLANK10_D_20_O2,BLANK10_D,P. acuta,BLANK,2,D5,20,5:32:00 AM,5:56:00 AM,dark,BLANK,3,1
PA37_D_24_O2,PA37_D,P. acuta,37,5,D5,24,6:24:00 AM,6:48:00 AM,dark,low,3,1
PA39_D_24_O2,PA39_D,P. acuta,39,8,D5,24,6:21:00 AM,6:50:00 AM,dark,low,3,1
PA41_D_24_O2,PA41_D,P. acuta,41,1,D5,24,6:22:00 AM,6:48:00 AM,dark,low,3,1
PA42_D_24_O2,PA42_D,P. acuta,42,10,D5,24,6:20:00 AM,6:50:00 AM,dark,low,3,1
PA46_D_24_O2,PA46_D,P. acuta,46,7,D5,24,6:24:00 AM,6:50:00 AM,dark,high,3,1
PA49_D_24_O2,PA49_D,P. acuta,49,9,D5,24,6:23:00 AM,6:50:00 AM,dark,high,3,1
PA50_D_24_O2,PA50_D,P. acuta,50,6,D5,24,6:22:00 AM,6:50:00 AM,dark,high,3,1
PA53_D_24_O2,PA53_D,P. acuta,53,3,D5,24,6:23:00 AM,6:48:00 AM,dark,high,3,1
BLANK9_D_24_O2,BLANK9_D,P. acuta,BLANK,4,D5,24,6:21:00 AM,6:48:00 AM,dark,BLANK,3,1
BLANK10_D_24_O2,BLANK10_D,P. acuta,BLANK,2,D5,24,6:20:00 AM,6:48:00 AM,dark,BLANK,3,1
PA37_D_28_O2,PA37_D,P. acuta,37,5,D5,28,7:14:00 AM,7:37:00 AM,dark,low,3,1
PA39_D_28_O2,PA39_D,P. acuta,39,8,D5,28,7:11:00 AM,7:39:00 AM,dark,low,3,1
PA41_D_28_O2,PA41_D,P. acuta,41,1,D5,28,7:12:00 AM,7:37:00 AM,dark,low,3,1
PA42_D_28_O2,PA42_D,P. acuta,42,10,D5,28,7:10:00 AM,7:39:00 AM,dark,low,3,1
PA46_D_28_O2,PA46_D,P. acuta,46,7,D5,28,7:14:00 AM,7:39:00 AM,dark,high,3,1
PA49_D_28_O2,PA49_D,P. acuta,49,9,D5,28,7:13:00 AM,7:39:00 AM,dark,high,3,1
PA50_D_28_O2,PA50_D,P. acuta,50,6,D5,28,7:12:00 AM,7:39:00 AM,dark,high,3,1
PA53_D_28_O2,PA53_D,P. acuta,53,3,D5,28,7:13:00 AM,7:37:00 AM,dark,high,3,1
BLANK9_D_28_O2,BLANK9_D,P. acuta,BLANK,4,D5,28,7:11:00 AM,7:37:00 AM,dark,BLANK,3,1
BLANK10_D_28_O2,BLANK10_D,P. acuta,BLANK,2,D5,28,7:10:00 AM,7:37:00 AM,dark,BLANK,3,1
PA37_D_30_O2,PA37_D,P. acuta,37,5,D5,30,7:48:00 AM,8:13:00 AM,dark,low,3,1
PA39_D_30_O2,PA39_D,P. acuta,39,8,D5,30,7:48:00 AM,8:15:00 AM,dark,low,3,1
PA41_D_30_O2,PA41_D,P. acuta,41,1,D5,30,7:51:00 AM,8:13:00 AM,dark,low,3,1
PA42_D_30_O2,PA42_D,P. acuta,42,10,D5,30,7:47:00 AM,8:15:00 AM,dark,low,3,1
PA46_D_30_O2,PA46_D,P. acuta,46,7,D5,30,7:49:00 AM,8:15:00 AM,dark,high,3,1
PA49_D_30_O2,PA49_D,P. acuta,49,9,D5,30,7:48:00 AM,8:15:00 AM,dark,high,3,1
PA50_D_30_O2,PA50_D,P. acuta,50,6,D5,30,7:48:00 AM,8:15:00 AM,dark,high,3,1
PA53_D_30_O2,PA53_D,P. acuta,53,3,D5,30,7:49:00 AM,8:13:00 AM,dark,high,3,1
BLANK9_D_30_O2,BLANK9_D,P. acuta,BLANK,4,D5,30,7:48:00 AM,8:13:00 AM,dark,BLANK,3,1
BLANK10_D_30_O2,BLANK10_D,P. acuta,BLANK,2,D5,30,7:47:00 AM,8:13:00 AM,dark,BLANK,3,1
PA37_D_31_O2,PA37_D,P. acuta,37,5,D5,31,8:19:00 AM,8:44:00 AM,dark,low,3,1
PA39_D_31_O2,PA39_D,P. acuta,39,8,D5,31,8:18:00 AM,8:46:00 AM,dark,low,3,1
PA41_D_31_O2,PA41_D,P. acuta,41,1,D5,31,8:19:00 AM,8:44:00 AM,dark,low,3,1
PA42_D_31_O2,PA42_D,P. acuta,42,10,D5,31,8:17:00 AM,8:46:00 AM,dark,low,3,1
PA46_D_31_O2,PA46_D,P. acuta,46,7,D5,31,8:20:00 AM,8:46:00 AM,dark,high,3,1
PA49_D_31_O2,PA49_D,P. acuta,49,9,D5,31,8:18:00 AM,8:46:00 AM,dark,high,3,1
PA50_D_31_O2,PA50_D,P. acuta,50,6,D5,31,8:18:00 AM,8:46:00 AM,dark,high,3,1
PA53_D_31_O2,PA53_D,P. acuta,53,3,D5,31,8:20:00 AM,8:44:00 AM,dark,high,3,1
BLANK9_D_31_O2,BLANK9_D,P. acuta,BLANK,4,D5,31,8:17:00 AM,8:44:00 AM,dark,BLANK,3,1
BLANK10_D_31_O2,BLANK10_D,P. acuta,BLANK,2,D5,31,8:18:00 AM,8:44:00 AM,dark,BLANK,3,1
PA37_D_32_O2,PA37_D,P. acuta,37,5,D5,32,8:53:00 AM,9:17:00 AM,dark,low,3,1
PA39_D_32_O2,PA39_D,P. acuta,39,8,D5,32,8:50:00 AM,9:19:00 AM,dark,low,3,1
PA41_D_32_O2,PA41_D,P. acuta,41,1,D5,32,8:51:00 AM,9:17:00 AM,dark,low,3,1
PA42_D_32_O2,PA42_D,P. acuta,42,10,D5,32,8:50:00 AM,9:19:00 AM,dark,low,3,1
PA46_D_32_O2,PA46_D,P. acuta,46,7,D5,32,8:52:00 AM,9:19:00 AM,dark,high,3,1
PA49_D_32_O2,PA49_D,P. acuta,49,9,D5,32,8:53:00 AM,9:19:00 AM,dark,high,3,1
PA50_D_32_O2,PA50_D,P. acuta,50,6,D5,32,8:51:00 AM,9:19:00 AM,dark,high,3,1
PA53_D_32_O2,PA53_D,P. acuta,53,3,D5,32,8:52:00 AM,9:17:00 AM,dark,high,3,1
BLANK9_D_32_O2,BLANK9_D,P. acuta,BLANK,4,D5,32,8:50:00 AM,9:17:00 AM,dark,BLANK,3,1
BLANK10_D_32_O2,BLANK10_D,P. acuta,BLANK,2,D5,32,8:50:00 AM,9:17:00 AM,dark,BLANK,3,1
PA37_D_35_O2,PA37_D,P. acuta,37,5,D5,35,9:38:00 AM,10:02:00 AM,dark,low,3,1
PA39_D_35_O2,PA39_D,P. acuta,39,8,D5,35,9:37:00 AM,10:04:00 AM,dark,low,3,1
PA41_D_35_O2,PA41_D,P. acuta,41,1,D5,35,9:37:00 AM,10:02:00 AM,dark,low,3,1
PA42_D_35_O2,PA42_D,P. acuta,42,10,D5,35,9:35:00 AM,10:04:00 AM,dark,low,3,1
PA46_D_35_O2,PA46_D,P. acuta,46,7,D5,35,9:38:00 AM,10:04:00 AM,dark,high,3,1
PA49_D_35_O2,PA49_D,P. acuta,49,9,D5,35,9:37:00 AM,10:04:00 AM,dark,high,3,1
PA50_D_35_O2,PA50_D,P. acuta,50,6,D5,35,9:36:00 AM,10:04:00 AM,dark,high,3,1
PA53_D_35_O2,PA53_D,P. acuta,53,3,D5,35,9:37:00 AM,10:02:00 AM,dark,high,3,1
BLANK9_D_35_O2,BLANK9_D,P. acuta,BLANK,4,D5,35,9:35:00 AM,10:02:00 AM,dark,BLANK,3,1
BLANK10_D_35_O2,BLANK10_D,P. acuta,BLANK,2,D5,35,9:36:00 AM,10:02:00 AM,dark,BLANK,3,1
PA37_D_36_O2,PA37_D,P. acuta,37,5,D5,36,10:10:00 AM,10:34:00 AM,dark,low,3,1
PA39_D_36_O2,PA39_D,P. acuta,39,8,D5,36,10:08:00 AM,10:36:00 AM,dark,low,3,1
PA41_D_36_O2,PA41_D,P. acuta,41,1,D5,36,10:10:00 AM,10:34:00 AM,dark,low,3,1
PA42_D_36_O2,PA42_D,P. acuta,42,10,D5,36,10:09:00 AM,10:36:00 AM,dark,low,3,1
PA46_D_36_O2,PA46_D,P. acuta,46,7,D5,36,10:11:00 AM,10:36:00 AM,dark,high,3,1
PA49_D_36_O2,PA49_D,P. acuta,49,9,D5,36,10:10:00 AM,10:36:00 AM,dark,high,3,1
PA50_D_36_O2,PA50_D,P. acuta,50,6,D5,36,10:10:00 AM,10:36:00 AM,dark,high,3,1
PA53_D_36_O2,PA53_D,P. acuta,53,3,D5,36,10:11:00 AM,10:34:00 AM,dark,high,3,1
BLANK9_D_36_O2,BLANK9_D,P. acuta,BLANK,4,D5,36,10:09:00 AM,10:34:00 AM,dark,BLANK,3,1
BLANK10_D_36_O2,BLANK10_D,P. acuta,BLANK,2,D5,36,10:08:00 AM,10:34:00 AM,dark,BLANK,3,1
PA37_D_37_O2,PA37_D,P. acuta,37,5,D5,37,10:39:00 AM,11:04:00 AM,dark,low,3,1
PA39_D_37_O2,PA39_D,P. acuta,39,8,D5,37,10:39:00 AM,11:06:00 AM,dark,low,3,1
PA41_D_37_O2,PA41_D,P. acuta,41,1,D5,37,10:37:00 AM,11:03:00 AM,dark,low,3,1
PA42_D_37_O2,PA42_D,P. acuta,42,10,D5,37,10:40:00 AM,11:06:00 AM,dark,low,3,1
PA46_D_37_O2,PA46_D,P. acuta,46,7,D5,37,10:39:00 AM,11:06:00 AM,dark,high,3,1
PA49_D_37_O2,PA49_D,P. acuta,49,9,D5,37,10:40:00 AM,11:06:00 AM,dark,high,3,1
PA50_D_37_O2,PA50_D,P. acuta,50,6,D5,37,10:39:00 AM,11:06:00 AM,dark,high,3,1
PA53_D_37_O2,PA53_D,P. acuta,53,3,D5,37,10:37:00 AM,11:03:00 AM,dark,high,3,1
BLANK9_D_37_O2,BLANK9_D,P. acuta,BLANK,4,D5,37,10:37:00 AM,11:03:00 AM,dark,BLANK,3,1
BLANK10_D_37_O2,BLANK10_D,P. acuta,BLANK,2,D5,37,10:37:00 AM,11:03:00 AM,dark,BLANK,3,1
PA37_D_38_O2,PA37_D,P. acuta,37,5,D5,38,11:16:00 AM,11:38:00 AM,dark,low,3,1
PA39_D_38_O2,PA39_D,P. acuta,39,8,D5,38,11:12:00 AM,11:40:00 AM,dark,low,3,1
PA41_D_38_O2,PA41_D,P. acuta,41,1,D5,38,11:14:00 AM,11:38:00 AM,dark,low,3,1
PA42_D_38_O2,PA42_D,P. acuta,42,10,D5,38,11:13:00 AM,11:40:00 AM,dark,low,3,1
PA46_D_38_O2,PA46_D,P. acuta,46,7,D5,38,11:15:00 AM,11:40:00 AM,dark,high,3,1
PA49_D_38_O2,PA49_D,P. acuta,49,9,D5,38,11:16:00 AM,11:40:00 AM,dark,high,3,1
PA50_D_38_O2,PA50_D,P. acuta,50,6,D5,38,11:14:00 AM,11:40:00 AM,dark,high,3,1
PA53_D_38_O2,PA53_D,P. acuta,53,3,D5,38,11:15:00 AM,11:38:00 AM,dark,high,3,1
BLANK9_D_38_O2,BLANK9_D,P. acuta,BLANK,4,D5,38,11:13:00 AM,11:38:00 AM,dark,BLANK,3,1
BLANK10_D_38_O2,BLANK10_D,P. acuta,BLANK,2,D5,38,11:12:00 AM,11:38:00 AM,dark,BLANK,3,1
PA37_D_39_O2,PA37_D,P. acuta,37,5,D5,39,11:45:00 AM,12:09:00 PM,dark,low,3,1
PA39_D_39_O2,PA39_D,P. acuta,39,8,D5,39,11:43:00 AM,12:11:00 PM,dark,low,3,1
PA41_D_39_O2,PA41_D,P. acuta,41,1,D5,39,11:45:00 AM,12:09:00 PM,dark,low,3,1
PA42_D_39_O2,PA42_D,P. acuta,42,10,D5,39,11:43:00 AM,12:11:00 PM,dark,low,3,1
PA46_D_39_O2,PA46_D,P. acuta,46,7,D5,39,11:47:00 AM,12:11:00 PM,dark,high,3,1
PA49_D_39_O2,PA49_D,P. acuta,49,9,D5,39,11:47:00 AM,12:11:00 PM,dark,high,3,1
PA50_D_39_O2,PA50_D,P. acuta,50,6,D5,39,11:44:00 AM,12:11:00 PM,dark,high,3,1
PA53_D_39_O2,PA53_D,P. acuta,53,3,D5,39,11:45:00 AM,12:09:00 PM,dark,high,3,1
BLANK9_D_39_O2,BLANK9_D,P. acuta,BLANK,4,D5,39,11:44:00 AM,12:09:00 PM,dark,BLANK,3,1
BLANK10_D_39_O2,BLANK10_D,P. acuta,BLANK,2,D5,39,11:43:00 AM,12:09:00 PM,dark,BLANK,3,1
PA37_D_40_O2,PA37_D,P. acuta,37,5,D5,40,12:23:00 PM,12:50:00 PM,dark,low,3,1
PA39_D_40_O2,PA39_D,P. acuta,39,8,D5,40,12:20:00 PM,1:01:00 PM,dark,low,3,1
PA41_D_40_O2,PA41_D,P. acuta,41,1,D5,40,12:22:00 PM,12:46:00 PM,dark,low,3,1
PA42_D_40_O2,PA42_D,P. acuta,42,10,D5,40,12:19:00 PM,1:03:00 PM,dark,low,3,1
PA46_D_40_O2,PA46_D,P. acuta,46,7,D5,40,12:22:00 PM,12:52:00 PM,dark,high,3,1
PA49_D_40_O2,PA49_D,P. acuta,49,9,D5,40,12:22:00 PM,12:53:00 PM,dark,high,3,1
PA50_D_40_O2,PA50_D,P. acuta,50,6,D5,40,12:20:00 PM,12:58:00 PM,dark,high,3,1
PA53_D_40_O2,PA53_D,P. acuta,53,3,D5,40,12:22:00 PM,12:48:00 PM,dark,high,3,1
BLANK9_D_40_O2,BLANK9_D,P. acuta,BLANK,4,D5,40,12:20:00 PM,12:54:00 PM,dark,BLANK,3,1
BLANK10_D_40_O2,BLANK10_D,P. acuta,BLANK,2,D5,40,12:19:00 PM,12:54:00 PM,dark,BLANK,3,1
PA38_L_20_O2,PA38_L,P. acuta,38,9,L6,20,5:56:00 AM,7:05:00 AM,light,low,3,2
PA40_L_20_O2,PA40_L,P. acuta,40,4,L6,20,5:54:00 AM,7:03:00 AM,light,low,3,2
PA43_L_20_O2,PA43_L,P. acuta,43,6,L6,20,5:56:00 AM,7:04:00 AM,light,low,3,2
PA45_L_20_O2,PA45_L,P. acuta,45,1,L6,20,5:57:00 AM,7:05:00 AM,light,low,3,2
PA48_L_20_O2,PA48_L,P. acuta,48,5,L6,20,5:58:00 AM,7:06:00 AM,light,high,3,2
PA51_L_20_O2,PA51_L,P. acuta,51,2,L6,20,5:53:00 AM,7:02:00 AM,light,high,3,2
PA52_L_20_O2,PA52_L,P. acuta,52,8,L6,20,5:55:00 AM,7:04:00 AM,light,high,3,2
PA54_L_20_O2,PA54_L,P. acuta,54,7,L6,20,5:57:00 AM,7:06:00 AM,light,high,3,2
BLANK11_L_20_O2,BLANK11_L,P. acuta,BLANK,3,L6,20,5:54:00 AM,7:06:00 AM,light,BLANK,3,2
BLANK12_L_20_O2,BLANK12_L,P. acuta,BLANK,10,L6,20,5:53:00 AM,7:06:00 AM,light,BLANK,3,2
PA38_L_24_O2,PA38_L,P. acuta,38,9,L6,24,7:23:00 AM,8:31:00 AM,light,low,3,2
PA40_L_24_O2,PA40_L,P. acuta,40,4,L6,24,7:22:00 AM,8:29:00 AM,light,low,3,2
PA43_L_24_O2,PA43_L,P. acuta,43,6,L6,24,7:23:00 AM,8:30:00 AM,light,low,3,2
PA45_L_24_O2,PA45_L,P. acuta,45,1,L6,24,7:24:00 AM,8:31:00 AM,light,low,3,2
PA48_L_24_O2,PA48_L,P. acuta,48,5,L6,24,7:25:00 AM,8:32:00 AM,light,high,3,2
PA51_L_24_O2,PA51_L,P. acuta,51,2,L6,24,7:21:00 AM,8:28:00 AM,light,high,3,2
PA52_L_24_O2,PA52_L,P. acuta,52,8,L6,24,7:22:00 AM,8:30:00 AM,light,high,3,2
PA54_L_24_O2,PA54_L,P. acuta,54,7,L6,24,7:24:00 AM,8:32:00 AM,light,high,3,2
BLANK11_L_24_O2,BLANK11_L,P. acuta,BLANK,3,L6,24,7:19:00 AM,8:33:00 AM,light,BLANK,3,2
BLANK12_L_24_O2,BLANK12_L,P. acuta,BLANK,10,L6,24,7:20:00 AM,8:33:00 AM,light,BLANK,3,2
PA38_L_28_O2,PA38_L,P. acuta,38,9,L6,28,8:52:00 AM,9:59:00 AM,light,low,3,2
PA40_L_28_O2,PA40_L,P. acuta,40,4,L6,28,8:51:00 AM,9:57:00 AM,light,low,3,2
PA43_L_28_O2,PA43_L,P. acuta,43,6,L6,28,8:51:00 AM,9:58:00 AM,light,low,3,2
PA45_L_28_O2,PA45_L,P. acuta,45,1,L6,28,8:52:00 AM,9:59:00 AM,light,low,3,2
PA48_L_28_O2,PA48_L,P. acuta,48,5,L6,28,8:52:00 AM,10:00:00 AM,light,high,3,2
PA51_L_28_O2,PA51_L,P. acuta,51,2,L6,28,8:50:00 AM,9:56:00 AM,light,high,3,2
PA52_L_28_O2,PA52_L,P. acuta,52,8,L6,28,8:50:00 AM,9:58:00 AM,light,high,3,2
PA54_L_28_O2,PA54_L,P. acuta,54,7,L6,28,8:52:00 AM,10:00:00 AM,light,high,3,2
BLANK11_L_28_O2,BLANK11_L,P. acuta,BLANK,3,L6,28,8:49:00 AM,10:01:00 AM,light,BLANK,3,2
BLANK12_L_28_O2,BLANK12_L,P. acuta,BLANK,10,L6,28,8:49:00 AM,10:01:00 AM,light,BLANK,3,2
PA38_L_30_O2,PA38_L,P. acuta,38,9,L6,30,10:14:00 AM,11:23:00 AM,light,low,3,2
PA40_L_30_O2,PA40_L,P. acuta,40,4,L6,30,10:11:00 AM,11:21:00 AM,light,low,3,2
PA43_L_30_O2,PA43_L,P. acuta,43,6,L6,30,10:12:00 AM,11:22:00 AM,light,low,3,2
PA45_L_30_O2,PA45_L,P. acuta,45,1,L6,30,10:13:00 AM,11:23:00 AM,light,low,3,2
PA48_L_30_O2,PA48_L,P. acuta,48,5,L6,30,10:16:00 AM,11:24:00 AM,light,high,3,2
PA51_L_30_O2,PA51_L,P. acuta,51,2,L6,30,10:10:00 AM,11:20:00 AM,light,high,3,2
PA52_L_30_O2,PA52_L,P. acuta,52,8,L6,30,10:10:00 AM,11:22:00 AM,light,high,3,2
PA54_L_30_O2,PA54_L,P. acuta,54,7,L6,30,10:16:00 AM,11:24:00 AM,light,high,3,2
BLANK11_L_30_O2,BLANK11_L,P. acuta,BLANK,3,L6,30,10:09:00 AM,11:25:00 AM,light,BLANK,3,2
BLANK12_L_30_O2,BLANK12_L,P. acuta,BLANK,10,L6,30,10:09:00 AM,11:25:00 AM,light,BLANK,3,2
PA38_L_31_O2,PA38_L,P. acuta,38,9,L6,31,11:32:00 AM,12:41:00 PM,light,low,3,2
PA40_L_31_O2,PA40_L,P. acuta,40,4,L6,31,11:29:00 AM,12:30:00 PM,light,low,3,2
PA43_L_31_O2,PA43_L,P. acuta,43,6,L6,31,11:31:00 AM,12:40:00 PM,light,low,3,2
PA45_L_31_O2,PA45_L,P. acuta,45,1,L6,31,11:32:00 AM,12:41:00 PM,light,low,3,2
PA48_L_31_O2,PA48_L,P. acuta,48,5,L6,31,11:33:00 AM,12:41:00 PM,light,high,3,2
PA51_L_31_O2,PA51_L,P. acuta,51,2,L6,31,11:28:00 AM,12:37:00 PM,light,high,3,2
PA52_L_31_O2,PA52_L,P. acuta,52,8,L6,31,11:30:00 AM,12:39:00 PM,light,high,3,2
PA54_L_31_O2,PA54_L,P. acuta,54,7,L6,31,11:33:00 AM,12:41:00 PM,light,high,3,2
BLANK11_L_31_O2,BLANK11_L,P. acuta,BLANK,3,L6,31,11:27:00 AM,12:42:00 PM,light,BLANK,3,2
BLANK12_L_31_O2,BLANK12_L,P. acuta,BLANK,10,L6,31,11:28:00 AM,12:42:00 PM,light,BLANK,3,2
PA38_L_32_O2,PA38_L,P. acuta,38,9,L6,32,12:54:00 PM,2:02:00 PM,light,low,3,2
PA40_L_32_O2,PA40_L,P. acuta,40,4,L6,32,12:50:00 PM,1:59:00 PM,light,low,3,2
PA43_L_32_O2,PA43_L,P. acuta,43,6,L6,32,12:52:00 PM,2:00:00 PM,light,low,3,2
PA45_L_32_O2,PA45_L,P. acuta,45,1,L6,32,12:53:00 PM,2:01:00 PM,light,low,3,2
PA48_L_32_O2,PA48_L,P. acuta,48,5,L6,32,12:55:00 PM,2:02:00 PM,light,high,3,2
PA51_L_32_O2,PA51_L,P. acuta,51,2,L6,32,12:50:00 PM,1:58:00 PM,light,high,3,2
PA52_L_32_O2,PA52_L,P. acuta,52,8,L6,32,12:51:00 PM,2:00:00 PM,light,high,3,2
PA54_L_32_O2,PA54_L,P. acuta,54,7,L6,32,12:55:00 PM,2:02:00 PM,light,high,3,2
BLANK11_L_32_O2,BLANK11_L,P. acuta,BLANK,3,L6,32,12:49:00 PM,2:03:00 PM,light,BLANK,3,2
BLANK12_L_32_O2,BLANK12_L,P. acuta,BLANK,10,L6,32,12:48:00 PM,2:03:00 PM,light,BLANK,3,2
PA38_L_35_O2,PA38_L,P. acuta,38,9,L6,35,2:21:00 PM,3:28:00 PM,light,low,3,2
PA40_L_35_O2,PA40_L,P. acuta,40,4,L6,35,2:20:00 PM,3:27:00 PM,light,low,3,2
PA43_L_35_O2,PA43_L,P. acuta,43,6,L6,35,2:19:00 PM,3:28:00 PM,light,low,3,2
PA45_L_35_O2,PA45_L,P. acuta,45,1,L6,35,2:22:00 PM,3:28:00 PM,light,low,3,2
PA48_L_35_O2,PA48_L,P. acuta,48,5,L6,35,2:22:00 PM,3:30:00 PM,light,high,3,2
PA51_L_35_O2,PA51_L,P. acuta,51,2,L6,35,2:18:00 PM,3:26:00 PM,light,high,3,2
PA52_L_35_O2,PA52_L,P. acuta,52,8,L6,35,2:21:00 PM,3:28:00 PM,light,high,3,2
PA54_L_35_O2,PA54_L,P. acuta,54,7,L6,35,2:21:00 PM,3:30:00 PM,light,high,3,2
BLANK11_L_35_O2,BLANK11_L,P. acuta,BLANK,3,L6,35,2:16:00 PM,3:30:00 PM,light,BLANK,3,2
BLANK12_L_35_O2,BLANK12_L,P. acuta,BLANK,10,L6,35,2:17:00 PM,3:30:00 PM,light,BLANK,3,2
PA38_L_37_O2,PA38_L,P. acuta,38,9,L6,37,3:43:00 PM,4:58:00 PM,light,low,3,2
PA40_L_37_O2,PA40_L,P. acuta,40,4,L6,37,3:40:00 PM,4:50:00 PM,light,low,3,2
PA43_L_37_O2,PA43_L,P. acuta,43,6,L6,37,3:41:00 PM,4:53:00 PM,light,low,3,2
PA45_L_37_O2,PA45_L,P. acuta,45,1,L6,37,3:43:00 PM,4:56:00 PM,light,low,3,2
PA48_L_37_O2,PA48_L,P. acuta,48,5,L6,37,3:44:00 PM,5:02:00 PM,light,high,3,2
PA51_L_37_O2,PA51_L,P. acuta,51,2,L6,37,3:39:00 PM,4:48:00 PM,light,high,3,2
PA52_L_37_O2,PA52_L,P. acuta,52,8,L6,37,3:42:00 PM,4:55:00 PM,light,high,3,2
PA54_L_37_O2,PA54_L,P. acuta,54,7,L6,37,3:44:00 PM,5:00:00 PM,light,high,3,2
BLANK11_L_37_O2,BLANK11_L,P. acuta,BLANK,3,L6,37,3:38:00 PM,5:03:00 PM,light,BLANK,3,2
BLANK12_L_37_O2,BLANK12_L,P. acuta,BLANK,10,L6,37,3:38:00 PM,5:04:00 PM,light,BLANK,3,2
PA38_D_20_O2,PA38_D,P. acuta,38,7,D6,20,5:44:00 AM,6:08:00 AM,dark,low,3,2
PA40_D_20_O2,PA40_D,P. acuta,40,5,D6,20,5:41:00 AM,6:07:00 AM,dark,low,3,2
PA43_D_20_O2,PA43_D,P. acuta,43,3,D6,20,5:42:00 AM,6:07:00 AM,dark,low,3,2
PA45_D_20_O2,PA45_D,P. acuta,45,4,D6,20,5:36:00 AM,6:07:00 AM,dark,low,3,2
PA48_D_20_O2,PA48_D,P. acuta,48,8,D6,20,5:39:00 AM,6:08:00 AM,dark,high,3,2
PA51_D_20_O2,PA51_D,P. acuta,51,2,D6,20,5:35:00 AM,6:07:00 AM,dark,high,3,2
PA52_D_20_O2,PA52_D,P. acuta,52,10,D6,20,5:40:00 AM,6:08:00 AM,dark,high,3,2
PA54_D_20_O2,PA54_D,P. acuta,54,9,D6,20,5:44:00 AM,6:08:00 AM,dark,high,3,2
BLANK11_D_20_O2,BLANK11_D,P. acuta,BLANK,1,D6,20,5:32:00 AM,6:07:00 AM,dark,BLANK,3,2
BLANK12_D_20_O2,BLANK12_D,P. acuta,BLANK,6,D6,20,5:33:00 AM,6:08:00 AM,dark,BLANK,3,2
PA38_D_24_O2,PA38_D,P. acuta,38,7,D6,24,6:33:00 AM,6:57:00 AM,dark,low,3,2
PA40_D_24_O2,PA40_D,P. acuta,40,5,D6,24,6:32:00 AM,6:56:00 AM,dark,low,3,2
PA43_D_24_O2,PA43_D,P. acuta,43,3,D6,24,6:32:00 AM,6:56:00 AM,dark,low,3,2
PA45_D_24_O2,PA45_D,P. acuta,45,4,D6,24,6:30:00 AM,6:56:00 AM,dark,low,3,2
PA48_D_24_O2,PA48_D,P. acuta,48,8,D6,24,6:29:00 AM,6:57:00 AM,dark,high,3,2
PA51_D_24_O2,PA51_D,P. acuta,51,2,D6,24,6:30:00 AM,6:56:00 AM,dark,high,3,2
PA52_D_24_O2,PA52_D,P. acuta,52,10,D6,24,6:29:00 AM,6:57:00 AM,dark,high,3,2
PA54_D_24_O2,PA54_D,P. acuta,54,9,D6,24,6:33:00 AM,6:57:00 AM,dark,high,3,2
BLANK11_D_24_O2,BLANK11_D,P. acuta,BLANK,1,D6,24,6:28:00 AM,6:56:00 AM,dark,BLANK,3,2
BLANK12_D_24_O2,BLANK12_D,P. acuta,BLANK,6,D6,24,6:29:00 AM,6:57:00 AM,dark,BLANK,3,2
PA38_D_28_O2,PA38_D,P. acuta,38,7,D6,28,7:21:00 AM,7:47:00 AM,dark,low,3,2
PA40_D_28_O2,PA40_D,P. acuta,40,5,D6,28,7:21:00 AM,7:45:00 AM,dark,low,3,2
PA43_D_28_O2,PA43_D,P. acuta,43,3,D6,28,7:21:00 AM,7:45:00 AM,dark,low,3,2
PA45_D_28_O2,PA45_D,P. acuta,45,4,D6,28,7:19:00 AM,7:45:00 AM,dark,low,3,2
PA48_D_28_O2,PA48_D,P. acuta,48,8,D6,28,7:19:00 AM,7:47:00 AM,dark,high,3,2
PA51_D_28_O2,PA51_D,P. acuta,51,2,D6,28,7:19:00 AM,7:45:00 AM,dark,high,3,2
PA52_D_28_O2,PA52_D,P. acuta,52,10,D6,28,7:19:00 AM,7:47:00 AM,dark,high,3,2
PA54_D_28_O2,PA54_D,P. acuta,54,9,D6,28,7:21:00 AM,7:47:00 AM,dark,high,3,2
BLANK11_D_28_O2,BLANK11_D,P. acuta,BLANK,1,D6,28,7:22:00 AM,7:45:00 AM,dark,BLANK,3,2
BLANK12_D_28_O2,BLANK12_D,P. acuta,BLANK,6,D6,28,7:22:00 AM,7:47:00 AM,dark,BLANK,3,2
PA38_D_30_O2,PA38_D,P. acuta,38,7,D6,30,7:59:00 AM,8:24:00 AM,dark,low,3,2
PA40_D_30_O2,PA40_D,P. acuta,40,5,D6,30,7:58:00 AM,8:22:00 AM,dark,low,3,2
PA43_D_30_O2,PA43_D,P. acuta,43,3,D6,30,7:58:00 AM,8:22:00 AM,dark,low,3,2
PA45_D_30_O2,PA45_D,P. acuta,45,4,D6,30,7:56:00 AM,8:22:00 AM,dark,low,3,2
PA48_D_30_O2,PA48_D,P. acuta,48,8,D6,30,7:56:00 AM,8:24:00 AM,dark,high,3,2
PA51_D_30_O2,PA51_D,P. acuta,51,2,D6,30,7:56:00 AM,8:22:00 AM,dark,high,3,2
PA52_D_30_O2,PA52_D,P. acuta,52,10,D6,30,7:56:00 AM,8:24:00 AM,dark,high,3,2
PA54_D_30_O2,PA54_D,P. acuta,54,9,D6,30,7:59:00 AM,8:24:00 AM,dark,high,3,2
BLANK11_D_30_O2,BLANK11_D,P. acuta,BLANK,1,D6,30,7:58:00 AM,8:22:00 AM,dark,BLANK,3,2
BLANK12_D_30_O2,BLANK12_D,P. acuta,BLANK,6,D6,30,7:58:00 AM,8:24:00 AM,dark,BLANK,3,2
PA38_D_31_O2,PA38_D,P. acuta,38,7,D6,31,8:30:00 AM,8:55:00 AM,dark,low,3,2
PA40_D_31_O2,PA40_D,P. acuta,40,5,D6,31,8:28:00 AM,8:53:00 AM,dark,low,3,2
PA43_D_31_O2,PA43_D,P. acuta,43,3,D6,31,8:29:00 AM,8:53:00 AM,dark,low,3,2
PA45_D_31_O2,PA45_D,P. acuta,45,4,D6,31,8:27:00 AM,8:53:00 AM,dark,low,3,2
PA48_D_31_O2,PA48_D,P. acuta,48,8,D6,31,8:27:00 AM,8:55:00 AM,dark,high,3,2
PA51_D_31_O2,PA51_D,P. acuta,51,2,D6,31,8:27:00 AM,8:53:00 AM,dark,high,3,2
PA52_D_31_O2,PA52_D,P. acuta,52,10,D6,31,8:27:00 AM,8:55:00 AM,dark,high,3,2
PA54_D_31_O2,PA54_D,P. acuta,54,9,D6,31,8:30:00 AM,8:55:00 AM,dark,high,3,2
BLANK11_D_31_O2,BLANK11_D,P. acuta,BLANK,1,D6,31,8:29:00 AM,8:53:00 AM,dark,BLANK,3,2
BLANK12_D_31_O2,BLANK12_D,P. acuta,BLANK,6,D6,31,8:28:00 AM,8:55:00 AM,dark,BLANK,3,2
PA38_D_32_O2,PA38_D,P. acuta,38,7,D6,32,9:03:00 AM,9:28:00 AM,dark,low,3,2
PA40_D_32_O2,PA40_D,P. acuta,40,5,D6,32,9:02:00 AM,9:26:00 AM,dark,low,3,2
PA43_D_32_O2,PA43_D,P. acuta,43,3,D6,32,9:02:00 AM,9:26:00 AM,dark,low,3,2
PA45_D_32_O2,PA45_D,P. acuta,45,4,D6,32,9:00:00 AM,9:26:00 AM,dark,low,3,2
PA48_D_32_O2,PA48_D,P. acuta,48,8,D6,32,9:00:00 AM,9:28:00 AM,dark,high,3,2
PA51_D_32_O2,PA51_D,P. acuta,51,2,D6,32,9:00:00 AM,9:26:00 AM,dark,high,3,2
PA52_D_32_O2,PA52_D,P. acuta,52,10,D6,32,9:00:00 AM,9:28:00 AM,dark,high,3,2
PA54_D_32_O2,PA54_D,P. acuta,54,9,D6,32,9:03:00 AM,9:28:00 AM,dark,high,3,2
BLANK11_D_32_O2,BLANK11_D,P. acuta,BLANK,1,D6,32,9:02:00 AM,9:26:00 AM,dark,BLANK,3,2
BLANK12_D_32_O2,BLANK12_D,P. acuta,BLANK,6,D6,32,9:02:00 AM,9:28:00 AM,dark,BLANK,3,2
PA38_D_35_O2,PA38_D,P. acuta,38,7,D6,35,9:46:00 AM,10:13:00 AM,dark,low,3,2
PA40_D_35_O2,PA40_D,P. acuta,40,5,D6,35,9:45:00 AM,10:11:00 AM,dark,low,3,2
PA43_D_35_O2,PA43_D,P. acuta,43,3,D6,35,9:45:00 AM,10:11:00 AM,dark,low,3,2
PA45_D_35_O2,PA45_D,P. acuta,45,4,D6,35,9:44:00 AM,10:11:00 AM,dark,low,3,2
PA48_D_35_O2,PA48_D,P. acuta,48,8,D6,35,9:44:00 AM,10:13:00 AM,dark,high,3,2
PA51_D_35_O2,PA51_D,P. acuta,51,2,D6,35,9:44:00 AM,10:11:00 AM,dark,high,3,2
PA52_D_35_O2,PA52_D,P. acuta,52,10,D6,35,9:44:00 AM,10:13:00 AM,dark,high,3,2
PA54_D_35_O2,PA54_D,P. acuta,54,9,D6,35,9:46:00 AM,10:13:00 AM,dark,high,3,2
BLANK11_D_35_O2,BLANK11_D,P. acuta,BLANK,1,D6,35,9:45:00 AM,10:11:00 AM,dark,BLANK,3,2
BLANK12_D_35_O2,BLANK12_D,P. acuta,BLANK,6,D6,35,9:45:00 AM,10:13:00 AM,dark,BLANK,3,2
PA38_D_36_O2,PA38_D,P. acuta,38,7,D6,36,10:19:00 AM,10:44:00 AM,dark,low,3,2
PA40_D_36_O2,PA40_D,P. acuta,40,5,D6,36,10:18:00 AM,10:42:00 AM,dark,low,3,2
PA43_D_36_O2,PA43_D,P. acuta,43,3,D6,36,10:18:00 AM,10:42:00 AM,dark,low,3,2
PA45_D_36_O2,PA45_D,P. acuta,45,4,D6,36,10:16:00 AM,10:42:00 AM,dark,low,3,2
PA48_D_36_O2,PA48_D,P. acuta,48,8,D6,36,10:16:00 AM,10:44:00 AM,dark,high,3,2
PA51_D_36_O2,PA51_D,P. acuta,51,2,D6,36,10:16:00 AM,10:42:00 AM,dark,high,3,2
PA52_D_36_O2,PA52_D,P. acuta,52,10,D6,36,10:16:00 AM,10:44:00 AM,dark,high,3,2
PA54_D_36_O2,PA54_D,P. acuta,54,9,D6,36,10:19:00 AM,10:44:00 AM,dark,high,3,2
BLANK11_D_36_O2,BLANK11_D,P. acuta,BLANK,1,D6,36,10:18:00 AM,10:42:00 AM,dark,BLANK,3,2
BLANK12_D_36_O2,BLANK12_D,P. acuta,BLANK,6,D6,36,10:18:00 AM,10:44:00 AM,dark,BLANK,3,2
PA38_D_37_O2,PA38_D,P. acuta,38,7,D6,37,10:51:00 AM,11:15:00 AM,dark,low,3,2
PA40_D_37_O2,PA40_D,P. acuta,40,5,D6,37,10:49:00 AM,11:13:00 AM,dark,low,3,2
PA43_D_37_O2,PA43_D,P. acuta,43,3,D6,37,10:49:00 AM,11:13:00 AM,dark,low,3,2
PA45_D_37_O2,PA45_D,P. acuta,45,4,D6,37,10:48:00 AM,11:13:00 AM,dark,low,3,2
PA48_D_37_O2,PA48_D,P. acuta,48,8,D6,37,10:48:00 AM,11:15:00 AM,dark,high,3,2
PA51_D_37_O2,PA51_D,P. acuta,51,2,D6,37,10:48:00 AM,11:13:00 AM,dark,high,3,2
PA52_D_37_O2,PA52_D,P. acuta,52,10,D6,37,10:48:00 AM,11:15:00 AM,dark,high,3,2
PA54_D_37_O2,PA54_D,P. acuta,54,9,D6,37,10:51:00 AM,11:15:00 AM,dark,high,3,2
BLANK11_D_37_O2,BLANK11_D,P. acuta,BLANK,1,D6,37,10:49:00 AM,11:13:00 AM,dark,BLANK,3,2
BLANK12_D_37_O2,BLANK12_D,P. acuta,BLANK,6,D6,37,10:49:00 AM,11:15:00 AM,dark,BLANK,3,2
PA38_D_38_O2,PA38_D,P. acuta,38,7,D6,38,11:23:00 AM,11:48:00 AM,dark,low,3,2
PA40_D_38_O2,PA40_D,P. acuta,40,5,D6,38,11:22:00 AM,11:47:00 AM,dark,low,3,2
PA43_D_38_O2,PA43_D,P. acuta,43,3,D6,38,11:22:00 AM,11:47:00 AM,dark,low,3,2
PA45_D_38_O2,PA45_D,P. acuta,45,4,D6,38,11:21:00 AM,11:47:00 AM,dark,low,3,2
PA48_D_38_O2,PA48_D,P. acuta,48,8,D6,38,11:21:00 AM,11:48:00 AM,dark,high,3,2
PA51_D_38_O2,PA51_D,P. acuta,51,2,D6,38,11:21:00 AM,11:47:00 AM,dark,high,3,2
PA52_D_38_O2,PA52_D,P. acuta,52,10,D6,38,11:21:00 AM,11:48:00 AM,dark,high,3,2
PA54_D_38_O2,PA54_D,P. acuta,54,9,D6,38,11:23:00 AM,11:48:00 AM,dark,high,3,2
BLANK11_D_38_O2,BLANK11_D,P. acuta,BLANK,1,D6,38,11:22:00 AM,11:47:00 AM,dark,BLANK,3,2
BLANK12_D_38_O2,BLANK12_D,P. acuta,BLANK,6,D6,38,11:22:00 AM,11:48:00 AM,dark,BLANK,3,2
PA38_D_39_O2,PA38_D,P. acuta,38,7,D6,39,11:54:00 AM,12:18:00 PM,dark,low,3,2
PA40_D_39_O2,PA40_D,P. acuta,40,5,D6,39,11:52:00 AM,12:16:00 PM,dark,low,3,2
PA43_D_39_O2,PA43_D,P. acuta,43,3,D6,39,11:52:00 AM,12:16:00 PM,dark,low,3,2
PA45_D_39_O2,PA45_D,P. acuta,45,4,D6,39,11:51:00 AM,12:16:00 PM,dark,low,3,2
PA48_D_39_O2,PA48_D,P. acuta,48,8,D6,39,11:51:00 AM,12:18:00 PM,dark,high,3,2
PA51_D_39_O2,PA51_D,P. acuta,51,2,D6,39,11:51:00 AM,12:16:00 PM,dark,high,3,2
PA52_D_39_O2,PA52_D,P. acuta,52,10,D6,39,11:51:00 AM,12:18:00 PM,dark,high,3,2
PA54_D_39_O2,PA54_D,P. acuta,54,9,D6,39,11:54:00 AM,12:18:00 PM,dark,high,3,2
BLANK11_D_39_O2,BLANK11_D,P. acuta,BLANK,1,D6,39,11:52:00 AM,12:16:00 PM,dark,BLANK,3,2
BLANK12_D_39_O2,BLANK12_D,P. acuta,BLANK,6,D6,39,11:52:00 AM,12:18:00 PM,dark,BLANK,3,2
PA38_D_40_O2,PA38_D,P. acuta,38,7,D6,40,12:24:00 PM,12:49:00 PM,dark,low,3,2
PA40_D_40_O2,PA40_D,P. acuta,40,5,D6,40,12:22:00 PM,12:47:00 PM,dark,low,3,2
PA43_D_40_O2,PA43_D,P. acuta,43,3,D6,40,12:22:00 PM,12:47:00 PM,dark,low,3,2
PA45_D_40_O2,PA45_D,P. acuta,45,4,D6,40,12:21:00 PM,12:47:00 PM,dark,low,3,2
PA48_D_40_O2,PA48_D,P. acuta,48,8,D6,40,12:21:00 PM,12:49:00 PM,dark,high,3,2
PA51_D_40_O2,PA51_D,P. acuta,51,2,D6,40,12:21:00 PM,12:47:00 PM,dark,high,3,2
PA52_D_40_O2,PA52_D,P. acuta,52,10,D6,40,12:21:00 PM,12:49:00 PM,dark,high,3,2
PA54_D_40_O2,PA54_D,P. acuta,54,9,D6,40,12:24:00 PM,12:49:00 PM,dark,high,3,2
BLANK11_D_40_O2,BLANK11_D,P. acuta,BLANK,1,D6,40,12:22:00 PM,12:47:00 PM,dark,BLANK,3,2
BLANK12_D_40_O2,BLANK12_D,P. acuta,BLANK,6,D6,40,12:22:00 PM,12:49:00 PM,dark,BLANK,3,2